date,stock_code,stock_name,price,support_price,support_date,test_count,reason,sector,market_condition,filtered,filter_reason
2025-05-28,000032.SZ,000032.SZ,19.3724,18.7661,2025-04-08,2,第2次测试支撑后反弹,深市主板,数据不足,False,
2025-10-30,000032.SZ,000032.SZ,20.24,20.1,2025-10-15,3,第3次测试支撑后反弹,深市主板,数据不足,False,
2025-12-10,000032.SZ,000032.SZ,18.69,18.6,2025-11-24,3,第3次测试支撑后反弹,深市主板,数据不足,False,
2025-04-29,000063.SZ,000063.SZ,32.23,30.6307,2025-04-11,4,第4次测试支撑后反弹,深市主板,数据不足,False,
2025-06-03,000063.SZ,000063.SZ,31.63,30.6307,2025-04-11,9,第9次测试支撑后反弹,深市主板,数据不足,False,
2025-06-23,000063.SZ,000063.SZ,31.75,30.86,2025-06-03,4,第4次测试支撑后反弹,深市主板,数据不足,False,
2025-12-30,000063.SZ,000063.SZ,37.84,36.38,2025-12-12,4,第4次测试支撑后反弹,深市主板,数据不足,False,
2026-02-06,000063.SZ,000063.SZ,36.8,35.61,2025-12-16,4,第4次测试支撑后反弹,深市主板,数据不足,False,
2025-04-09,000333.SZ,000333.SZ,66.8974,65.0971,2025-02-26,5,第5次测试支撑后反弹,深市主板,数据不足,False,
2025-08-21,000333.SZ,000333.SZ,71.6602,69.4344,2025-07-31,4,第4次测试支撑后反弹,深市主板,数据不足,False,
2026-02-03,000333.SZ,000333.SZ,78.1,75.91,2026-01-14,4,第4次测试支撑后反弹,深市主板,数据不足,False,
2026-03-09,000333.SZ,000333.SZ,76.6,75.0,2026-01-28,6,第6次测试支撑后反弹,深市主板,数据不足,False,
2025-05-27,000338.SZ,000338.SZ,14.3054,13.6469,2025-04-09,6,第6次测试支撑后反弹,深市主板,数据不足,False,
2025-06-20,000338.SZ,000338.SZ,14.6299,14.0859,2025-05-19,5,第5次测试支撑后反弹,深市主板,数据不足,False,
2025-10-13,000338.SZ,000338.SZ,14.2503,13.3627,2025-09-26,2,第2次测试支撑后反弹,深市主板,数据不足,False,
2025-05-16,000400.SZ,000400.SZ,21.6393,20.7927,2025-04-29,3,第3次测试支撑后反弹,深市主板,数据不足,False,
2025-06-25,000400.SZ,000400.SZ,20.6844,20.5761,2025-06-03,4,第4次测试支撑后反弹,深市主板,数据不足,False,
2025-04-22,000415.SZ,000415.SZ,2.88,2.82,2025-04-07,3,第3次测试支撑后反弹,深市主板,数据不足,False,
2025-10-16,000415.SZ,000415.SZ,3.46,3.33,2025-09-04,4,第4次测试支撑后反弹,深市主板,数据不足,False,
2025-11-24,000415.SZ,000415.SZ,3.5,3.37,2025-10-15,3,第3次测试支撑后反弹,深市主板,数据不足,False,
2025-04-29,000629.SZ,000629.SZ,2.56,2.49,2025-04-08,2,第2次测试支撑后反弹,深市主板,数据不足,False,
2025-04-29,000629.SZ,000629.SZ,2.56,2.62,2025-04-11,4,第4次测试支撑后反弹,深市主板,数据不足,False,
2025-06-20,000629.SZ,000629.SZ,2.51,2.49,2025-06-03,3,第3次测试支撑后反弹,深市主板,数据不足,False,
2025-11-06,000651.SZ,000651.SZ,39.1184,38.3379,2025-09-26,6,第6次测试支撑后反弹,深市主板,数据不足,False,
2025-12-30,000661.SZ,000661.SZ,92.5,91.72,2025-12-15,3,第3次测试支撑后反弹,深市主板,数据不足,False,
2026-02-24,000661.SZ,000661.SZ,88.43,89.66,2026-02-02,3,第3次测试支撑后反弹,深市主板,数据不足,False,
2025-04-24,000683.SZ,000683.SZ,4.80349,4.68105,2025-04-09,3,第3次测试支撑后反弹,深市主板,数据不足,False,
2025-07-01,000683.SZ,000683.SZ,4.77,4.7093,2025-05-26,6,第6次测试支撑后反弹,深市主板,数据不足,False,
2025-04-30,000708.SZ,000708.SZ,11.2305,10.6926,2025-04-11,4,第4次测试支撑后反弹,深市主板,数据不足,False,
2025-04-29,000977.SZ,000977.SZ,49.385,46.2423,2025-04-11,4,第4次测试支撑后反弹,深市主板,数据不足,False,
2025-12-16,000977.SZ,000977.SZ,60.56,59.0,2025-11-17,5,第5次测试支撑后反弹,深市主板,数据不足,False,
2026-03-05,000977.SZ,000977.SZ,59.79,58.5,2026-02-06,2,第2次测试支撑后反弹,深市主板,数据不足,False,
2025-04-30,000998.SZ,000998.SZ,10.2586,9.97968,2025-03-31,4,第4次测试支撑后反弹,深市主板,数据不足,False,
2026-01-27,000998.SZ,000998.SZ,9.53,9.25,2025-12-18,7,第7次测试支撑后反弹,深市主板,数据不足,False,
2025-06-23,000999.SZ,000999.SZ,30.9138,29.7679,2025-04-29,6,第6次测试支撑后反弹,深市主板,数据不足,False,
2025-07-15,000999.SZ,000999.SZ,30.4018,30.1163,2025-06-23,4,第4次测试支撑后反弹,深市主板,数据不足,False,
2025-10-09,000999.SZ,000999.SZ,27.7929,27.527,2025-09-23,3,第3次测试支撑后反弹,深市主板,数据不足,False,
2026-02-03,000999.SZ,000999.SZ,28.1,27.81,2025-12-10,9,第9次测试支撑后反弹,深市主板,数据不足,False,
2026-02-27,000999.SZ,000999.SZ,29.17,27.82,2026-02-03,3,第3次测试支撑后反弹,深市主板,数据不足,False,
2025-06-23,001914.SZ,001914.SZ,11.239,10.9151,2025-05-23,6,第6次测试支撑后反弹,深市主板,数据不足,False,
2025-11-05,001914.SZ,001914.SZ,11.4,11.17,2025-10-20,3,第3次测试支撑后反弹,深市主板,数据不足,False,
2025-12-17,001914.SZ,001914.SZ,11.06,10.85,2025-11-28,4,第4次测试支撑后反弹,深市主板,数据不足,False,
2026-01-07,001914.SZ,001914.SZ,10.9,10.79,2025-12-17,4,第4次测试支撑后反弹,深市主板,数据不足,False,
2025-05-28,001965.SZ,001965.SZ,11.9153,11.8285,2025-04-03,9,第9次测试支撑后反弹,深市主板,数据不足,False,
2025-10-09,001965.SZ,001965.SZ,9.89,9.57,2025-09-22,3,第3次测试支撑后反弹,深市主板,数据不足,False,
2025-12-01,001965.SZ,001965.SZ,9.9,9.69,2025-10-09,7,第7次测试支撑后反弹,深市主板,数据不足,False,
2026-03-04,001965.SZ,001965.SZ,9.57,9.38,2026-01-26,5,第5次测试支撑后反弹,深市主板,数据不足,False,
2025-06-23,001979.SZ,001979.SZ,8.50941,8.38226,2025-06-03,4,第4次测试支撑后反弹,深市主板,数据不足,False,
2026-01-07,001979.SZ,001979.SZ,8.85,8.59,2025-12-22,3,第3次测试支撑后反弹,深市主板,数据不足,False,
2025-07-17,002001.SZ,002001.SZ,21.6728,20.8499,2025-06-27,4,第4次测试支撑后反弹,深市主板,数据不足,False,
2025-10-17,002007.SZ,002007.SZ,16.1133,15.3954,2025-09-29,3,第3次测试支撑后反弹,深市主板,数据不足,False,
2025-12-31,002007.SZ,002007.SZ,15.4,15.03,2025-12-12,4,第4次测试支撑后反弹,深市主板,数据不足,False,
2026-01-22,002007.SZ,002007.SZ,15.71,15.03,2025-12-12,7,第7次测试支撑后反弹,深市主板,数据不足,False,
2025-04-29,002008.SZ,002008.SZ,23.0117,21.8685,2025-04-08,4,第4次测试支撑后反弹,深市主板,数据不足,False,
2025-06-16,002008.SZ,002008.SZ,23.03,22.4894,2025-04-29,7,第7次测试支撑后反弹,深市主板,数据不足,False,
2025-12-16,002008.SZ,002008.SZ,36.18,34.87,2025-11-21,4,第4次测试支撑后反弹,深市主板,数据不足,False,
2025-09-26,002025.SZ,002025.SZ,49.2,47.87,2025-09-10,3,第3次测试支撑后反弹,深市主板,数据不足,False,
2025-04-09,002027.SZ,002027.SZ,6.52583,5.99233,2025-02-19,5,第5次测试支撑后反弹,深市主板,数据不足,False,
2025-11-06,002027.SZ,002027.SZ,7.44027,7.31205,2025-10-16,4,第4次测试支撑后反弹,深市主板,数据不足,False,
2025-12-29,002027.SZ,002027.SZ,7.3,6.97,2025-12-10,4,第4次测试支撑后反弹,深市主板,数据不足,False,
2026-01-28,002027.SZ,002027.SZ,7.13,6.97,2025-12-10,6,第6次测试支撑后反弹,深市主板,数据不足,False,
2025-05-09,002028.SZ,002028.SZ,70.193,68.0178,2025-04-07,5,第5次测试支撑后反弹,深市主板,数据不足,False,
2025-06-04,002028.SZ,002028.SZ,71.7325,68.9315,2025-04-18,7,第7次测试支撑后反弹,深市主板,数据不足,False,
2025-04-09,002128.SZ,002128.SZ,17.0786,16.47,2025-02-27,3,第3次测试支撑后反弹,深市主板,数据不足,False,
2025-12-16,002155.SZ,002155.SZ,20.58,19.88,2025-10-28,4,第4次测试支撑后反弹,深市主板,数据不足,False,
2025-05-23,002244.SZ,002244.SZ,8.93336,9.05234,2025-04-08,3,第3次测试支撑后反弹,深市主板,数据不足,False,
2025-06-12,002244.SZ,002244.SZ,9.17132,8.91353,2025-05-23,4,第4次测试支撑后反弹,深市主板,数据不足,False,
2025-12-29,002244.SZ,002244.SZ,9.81,9.65,2025-12-10,4,第4次测试支撑后反弹,深市主板,数据不足,False,
2025-04-25,002266.SZ,002266.SZ,3.07016,2.90288,2025-04-08,3,第3次测试支撑后反弹,深市主板,数据不足,False,
2025-07-01,002271.SZ,002271.SZ,9.95459,9.6206,2025-06-16,3,第3次测试支撑后反弹,深市主板,数据不足,False,
2025-04-29,002281.SZ,002281.SZ,41.4175,40.3636,2025-04-11,4,第4次测试支撑后反弹,深市主板,数据不足,False,
2025-05-27,002281.SZ,002281.SZ,41.0496,40.3636,2025-04-11,6,第6次测试支撑后反弹,深市主板,数据不足,False,
2025-08-14,002292.SZ,002292.SZ,9.39,9.02,2025-06-23,6,第6次测试支撑后反弹,深市主板,数据不足,False,
2025-11-14,002292.SZ,002292.SZ,8.7,8.35,2025-10-23,4,第4次测试支撑后反弹,深市主板,数据不足,False,
2026-03-05,002294.SZ,002294.SZ,48.14,45.3,2026-02-04,4,第4次测试支撑后反弹,深市主板,数据不足,False,
2025-04-29,002312.SZ,002312.SZ,10.9433,10.647,2025-04-10,4,第4次测试支撑后反弹,深市主板,数据不足,False,
2025-05-26,002312.SZ,002312.SZ,11.0421,10.647,2025-04-10,8,第8次测试支撑后反弹,深市主板,数据不足,False,
2025-09-05,002312.SZ,002312.SZ,11.45,11.1,2025-08-04,5,第5次测试支撑后反弹,深市主板,数据不足,False,
2025-10-22,002312.SZ,002312.SZ,10.41,10.31,2025-09-29,4,第4次测试支撑后反弹,深市主板,数据不足,False,
2025-04-09,002318.SZ,002318.SZ,22.5715,21.3234,2025-03-11,3,第3次测试支撑后反弹,深市主板,数据不足,False,
2025-07-18,002318.SZ,002318.SZ,23.72,23.02,2025-06-30,3,第3次测试支撑后反弹,深市主板,数据不足,False,
2025-09-04,002318.SZ,002318.SZ,22.25,21.93,2025-08-04,5,第5次测试支撑后反弹,深市主板,数据不足,False,
2025-04-29,002340.SZ,002340.SZ,6.13646,5.88902,2025-04-10,4,第4次测试支撑后反弹,深市主板,数据不足,False,
2025-11-07,002352.SZ,002352.SZ,40.0,39.58,2025-09-26,6,第6次测试支撑后反弹,深市主板,数据不足,False,
2025-12-31,002352.SZ,002352.SZ,38.33,37.08,2025-12-12,4,第4次测试支撑后反弹,深市主板,数据不足,False,
2026-02-02,002352.SZ,002352.SZ,37.6,37.03,2025-12-10,9,第9次测试支撑后反弹,深市主板,数据不足,False,
2025-05-22,002371.SZ,002371.SZ,315.448,303.765,2025-03-31,4,第4次测试支撑后反弹,深市主板,数据不足,False,
2025-07-17,002371.SZ,002371.SZ,320.0,305.28,2025-06-19,4,第4次测试支撑后反弹,深市主板,数据不足,False,
2025-04-30,002389.SZ,002389.SZ,17.833,17.3743,2025-04-08,3,第3次测试支撑后反弹,深市主板,数据不足,False,
2025-09-26,002389.SZ,002389.SZ,21.6,20.7,2025-09-04,4,第4次测试支撑后反弹,深市主板,数据不足,False,
2025-10-22,002389.SZ,002389.SZ,21.76,20.91,2025-09-18,5,第5次测试支撑后反弹,深市主板,数据不足,False,
2025-11-18,002389.SZ,002389.SZ,21.53,20.96,2025-10-23,5,第5次测试支撑后反弹,深市主板,数据不足,False,
2025-06-20,002405.SZ,002405.SZ,8.17,7.91,2025-04-21,7,第7次测试支撑后反弹,深市主板,数据不足,False,
2025-12-12,002405.SZ,002405.SZ,8.42,8.21,2025-11-21,4,第4次测试支撑后反弹,深市主板,数据不足,False,
2026-02-02,002407.SZ,002407.SZ,28.57,27.65,2025-12-16,3,第3次测试支撑后反弹,深市主板,数据不足,False,
2026-03-09,002407.SZ,002407.SZ,29.17,27.7,2026-02-06,4,第4次测试支撑后反弹,深市主板,数据不足,False,
2025-04-28,002409.SZ,002409.SZ,52.3689,52.3095,2025-04-11,4,第4次测试支撑后反弹,深市主板,数据不足,False,
2025-05-27,002409.SZ,002409.SZ,52.795,51.8042,2025-04-29,4,第4次测试支撑后反弹,深市主板,数据不足,False,
2025-07-04,002409.SZ,002409.SZ,53.9762,51.1191,2025-06-17,3,第3次测试支撑后反弹,深市主板,数据不足,False,
2025-07-07,002410.SZ,002410.SZ,13.23,13.03,2025-06-20,4,第4次测试支撑后反弹,深市主板,数据不足,False,
2025-08-01,002410.SZ,002410.SZ,13.28,12.94,2025-06-23,6,第6次测试支撑后反弹,深市主板,数据不足,False,
2025-09-23,002410.SZ,002410.SZ,13.35,12.88,2025-08-01,6,第6次测试支撑后反弹,深市主板,数据不足,False,
2025-12-23,002410.SZ,002410.SZ,12.26,12.2,2025-11-21,6,第6次测试支撑后反弹,深市主板,数据不足,False,
2025-04-29,002415.SZ,002415.SZ,27.3364,26.5457,2025-04-08,4,第4次测试支撑后反弹,深市主板,数据不足,False,
2025-07-31,002415.SZ,002415.SZ,27.9292,26.9211,2025-06-20,7,第7次测试支撑后反弹,深市主板,数据不足,False,
2025-10-30,002422.SZ,002422.SZ,33.3,33.4939,2025-10-14,3,第3次测试支撑后反弹,深市主板,数据不足,False,
2025-11-24,002422.SZ,002422.SZ,33.41,32.31,2025-11-07,4,第4次测试支撑后反弹,深市主板,数据不足,False,
2026-03-03,002422.SZ,002422.SZ,29.53,29.07,2026-01-05,4,第4次测试支撑后反弹,深市主板,数据不足,False,
2025-05-09,002432.SZ,002432.SZ,37.4997,36.137,2025-04-15,4,第4次测试支撑后反弹,深市主板,数据不足,False,
2025-07-11,002432.SZ,002432.SZ,38.77,35.47,2025-06-23,3,第3次测试支撑后反弹,深市主板,数据不足,False,
2025-10-13,002432.SZ,002432.SZ,39.49,37.69,2025-09-23,3,第3次测试支撑后反弹,深市主板,数据不足,False,
2026-02-05,002432.SZ,002432.SZ,42.05,40.02,2025-12-09,9,第9次测试支撑后反弹,深市主板,数据不足,False,
2025-12-18,002436.SZ,002436.SZ,19.31,18.63,2025-11-21,3,第3次测试支撑后反弹,深市主板,数据不足,False,
2025-06-20,002456.SZ,002456.SZ,11.51,11.06,2025-04-25,5,第5次测试支撑后反弹,深市主板,数据不足,False,
2025-07-15,002456.SZ,002456.SZ,11.22,11.2,2025-06-23,4,第4次测试支撑后反弹,深市主板,数据不足,False,
2025-08-08,002456.SZ,002456.SZ,11.51,11.2,2025-06-23,7,第7次测试支撑后反弹,深市主板,数据不足,False,
2025-11-27,002456.SZ,002456.SZ,11.27,11.55,2025-10-23,5,第5次测试支撑后反弹,深市主板,数据不足,False,
2025-12-31,002456.SZ,002456.SZ,10.84,10.22,2025-12-16,3,第3次测试支撑后反弹,深市主板,数据不足,False,
2026-01-21,002456.SZ,002456.SZ,10.59,10.22,2025-12-16,5,第5次测试支撑后反弹,深市主板,数据不足,False,
2025-04-29,002459.SZ,002459.SZ,9.65,9.44,2025-04-09,4,第4次测试支撑后反弹,深市主板,数据不足,False,
2025-05-30,002459.SZ,002459.SZ,9.23,9.35,2025-04-30,5,第5次测试支撑后反弹,深市主板,数据不足,False,
2025-04-30,002460.SZ,002460.SZ,29.8277,28.7624,2025-04-08,4,第4次测试支撑后反弹,深市主板,数据不足,False,
2025-05-30,002460.SZ,002460.SZ,30.1463,29.5987,2025-04-30,5,第5次测试支撑后反弹,深市主板,数据不足,False,
2025-06-20,002460.SZ,002460.SZ,30.2657,29.5987,2025-04-30,8,第8次测试支撑后反弹,深市主板,数据不足,False,
2025-04-30,002465.SZ,002465.SZ,10.4105,10.0921,2025-04-07,4,第4次测试支撑后反弹,深市主板,数据不足,False,
2025-11-06,002465.SZ,002465.SZ,11.8,11.62,2025-10-22,3,第3次测试支撑后反弹,深市主板,数据不足,False,
2025-11-27,002465.SZ,002465.SZ,12.12,11.43,2025-11-07,4,第4次测试支撑后反弹,深市主板,数据不足,False,
2025-04-23,002466.SZ,002466.SZ,28.69,26.57,2025-04-08,3,第3次测试支撑后反弹,深市主板,数据不足,False,
2026-02-10,002466.SZ,002466.SZ,51.08,49.08,2025-12-16,3,第3次测试支撑后反弹,深市主板,数据不足,False,
2025-06-20,002472.SZ,002472.SZ,30.1647,29.276,2025-04-21,3,第3次测试支撑后反弹,深市主板,数据不足,False,
2025-12-17,002472.SZ,002472.SZ,40.07,38.5,2025-11-18,5,第5次测试支撑后反弹,深市主板,数据不足,False,
2025-05-28,002475.SZ,002475.SZ,30.7403,29.2038,2025-04-18,5,第5次测试支撑后反弹,深市主板,数据不足,False,
2026-01-13,002475.SZ,002475.SZ,53.1732,52.6349,2025-11-21,4,第4次测试支撑后反弹,深市主板,数据不足,False,
2025-11-26,002493.SZ,002493.SZ,9.63,9.28,2025-10-09,4,第4次测试支撑后反弹,深市主板,数据不足,False,
2025-05-30,002497.SZ,002497.SZ,10.7819,10.6125,2025-04-11,8,第8次测试支撑后反弹,深市主板,数据不足,False,
2025-06-23,002497.SZ,002497.SZ,11.041,10.5926,2025-05-27,5,第5次测试支撑后反弹,深市主板,数据不足,False,
2025-05-27,002517.SZ,002517.SZ,15.7278,15.2108,2025-04-11,6,第6次测试支撑后反弹,深市主板,数据不足,False,
2025-05-09,002532.SZ,002532.SZ,7.14272,6.85587,2025-04-10,5,第5次测试支撑后反弹,深市主板,数据不足,False,
2025-04-28,002544.SZ,002544.SZ,20.2926,19.5728,2025-04-07,4,第4次测试支撑后反弹,深市主板,数据不足,False,
2025-09-05,002595.SZ,002595.SZ,58.15,55.61,2025-07-31,5,第5次测试支撑后反弹,深市主板,数据不足,False,
2025-08-18,002701.SZ,002701.SZ,5.46,5.37,2025-08-01,4,第4次测试支撑后反弹,深市主板,数据不足,False,
2025-09-30,002701.SZ,002701.SZ,5.42,5.36,2025-08-04,8,第8次测试支撑后反弹,深市主板,数据不足,False,
2025-11-25,002701.SZ,002701.SZ,5.63,5.36,2025-10-09,2,第2次测试支撑后反弹,深市主板,数据不足,False,
2026-01-16,002701.SZ,002701.SZ,5.83,5.6,2025-11-26,6,第6次测试支撑后反弹,深市主板,数据不足,False,
2025-04-28,002837.SZ,002837.SZ,23.0109,23.1638,2025-04-08,3,第3次测试支撑后反弹,深市主板,数据不足,False,
2025-06-03,002837.SZ,002837.SZ,24.16,22.9498,2025-04-28,4,第4次测试支撑后反弹,深市主板,数据不足,False,
2025-04-17,002851.SZ,002851.SZ,47.7324,48.152,2025-03-04,3,第3次测试支撑后反弹,深市主板,数据不足,False,
2025-05-27,002851.SZ,002851.SZ,44.4457,42.8373,2025-04-29,4,第4次测试支撑后反弹,深市主板,数据不足,False,
2025-11-24,002851.SZ,002851.SZ,71.02,67.75,2025-10-15,4,第4次测试支撑后反弹,深市主板,数据不足,False,
2025-07-29,002891.SZ,002891.SZ,53.9616,54.131,2025-07-14,3,第3次测试支撑后反弹,深市主板,数据不足,False,
2025-09-15,002891.SZ,002891.SZ,55.55,53.4533,2025-07-29,6,第6次测试支撑后反弹,深市主板,数据不足,False,
2025-10-09,002891.SZ,002891.SZ,53.43,51.3,2025-09-23,3,第3次测试支撑后反弹,深市主板,数据不足,False,
2025-12-17,002891.SZ,002891.SZ,53.29,51.89,2025-10-23,5,第5次测试支撑后反弹,深市主板,数据不足,False,
2026-01-15,002891.SZ,002891.SZ,51.58,51.5,2025-12-31,3,第3次测试支撑后反弹,深市主板,数据不足,False,
2025-06-03,300017.SZ,300017.SZ,10.51,10.0108,2025-04-11,6,第6次测试支撑后反弹,创业板,数据不足,False,
2025-07-11,300017.SZ,300017.SZ,10.3,9.8,2025-06-23,3,第3次测试支撑后反弹,创业板,数据不足,False,
2025-10-23,300017.SZ,300017.SZ,11.33,10.67,2025-09-04,7,第7次测试支撑后反弹,创业板,数据不足,False,
2025-11-12,300017.SZ,300017.SZ,11.01,10.68,2025-10-23,3,第3次测试支撑后反弹,创业板,数据不足,False,
2025-12-30,300017.SZ,300017.SZ,10.31,9.9,2025-12-15,3,第3次测试支撑后反弹,创业板,数据不足,False,
2025-04-28,300024.SZ,300024.SZ,16.23,15.9,2025-04-11,4,第4次测试支撑后反弹,创业板,数据不足,False,
2025-12-18,300024.SZ,300024.SZ,17.2,16.42,2025-11-21,5,第5次测试支撑后反弹,创业板,数据不足,False,
2026-02-02,300024.SZ,300024.SZ,17.14,16.6,2025-12-17,3,第3次测试支撑后反弹,创业板,数据不足,False,
2025-05-12,300033.SZ,300033.SZ,263.928,256.43,2025-04-25,4,第4次测试支撑后反弹,创业板,数据不足,False,
2025-05-28,300033.SZ,300033.SZ,246.933,241.934,2025-04-09,3,第3次测试支撑后反弹,创业板,数据不足,False,
2025-06-20,300033.SZ,300033.SZ,239.225,244.714,2025-06-03,3,第3次测试支撑后反弹,创业板,数据不足,False,
2025-12-15,300033.SZ,300033.SZ,306.0,313.37,2025-11-24,4,第4次测试支撑后反弹,创业板,数据不足,False,
2025-04-28,300037.SZ,300037.SZ,30.2059,28.8536,2025-04-11,4,第4次测试支撑后反弹,创业板,数据不足,False,
2026-02-05,300037.SZ,300037.SZ,48.0,46.7,2025-12-12,4,第4次测试支撑后反弹,创业板,数据不足,False,
2025-05-28,300054.SZ,300054.SZ,27.652,26.7053,2025-04-11,4,第4次测试支撑后反弹,创业板,数据不足,False,
2025-04-29,300058.SZ,300058.SZ,8.4,7.92,2025-04-11,4,第4次测试支撑后反弹,创业板,数据不足,False,
2025-05-28,300058.SZ,300058.SZ,8.23,7.97,2025-04-18,5,第5次测试支撑后反弹,创业板,数据不足,False,
2025-06-20,300058.SZ,300058.SZ,6.25,6.1,2025-06-04,3,第3次测试支撑后反弹,创业板,数据不足,False,
2025-07-15,300058.SZ,300058.SZ,6.58,6.13,2025-06-20,5,第5次测试支撑后反弹,创业板,数据不足,False,
2025-09-29,300058.SZ,300058.SZ,6.68,6.36,2025-09-04,5,第5次测试支撑后反弹,创业板,数据不足,False,
2025-06-03,300059.SZ,300059.SZ,20.97,19.98,2025-04-16,8,第8次测试支撑后反弹,创业板,数据不足,False,
2025-12-31,300059.SZ,300059.SZ,23.22,22.57,2025-12-16,3,第3次测试支撑后反弹,创业板,数据不足,False,
2025-05-26,300068.SZ,300068.SZ,14.29,13.78,2025-04-29,4,第4次测试支撑后反弹,创业板,数据不足,False,
2025-06-23,300068.SZ,300068.SZ,14.86,13.78,2025-04-29,8,第8次测试支撑后反弹,创业板,数据不足,False,
2025-08-01,300068.SZ,300068.SZ,14.81,14.22,2025-06-03,7,第7次测试支撑后反弹,创业板,数据不足,False,
2025-11-26,300068.SZ,300068.SZ,16.88,16.47,2025-10-23,3,第3次测试支撑后反弹,创业板,数据不足,False,
2026-01-21,300068.SZ,300068.SZ,16.0,15.48,2025-12-23,4,第4次测试支撑后反弹,创业板,数据不足,False,
2026-03-05,300068.SZ,300068.SZ,14.87,14.5,2026-02-02,2,第2次测试支撑后反弹,创业板,数据不足,False,
2025-05-06,300070.SZ,300070.SZ,4.55586,4.36604,2025-04-16,4,第4次测试支撑后反弹,创业板,数据不足,False,
2025-05-27,300070.SZ,300070.SZ,4.46,4.36604,2025-04-16,7,第7次测试支撑后反弹,创业板,数据不足,False,
2025-06-20,300070.SZ,300070.SZ,4.37,4.35605,2025-05-23,5,第5次测试支撑后反弹,创业板,数据不足,False,
2025-12-31,300070.SZ,300070.SZ,3.95,3.86,2025-12-16,3,第3次测试支撑后反弹,创业板,数据不足,False,
2026-02-02,300070.SZ,300070.SZ,4.02,3.86,2025-12-16,8,第8次测试支撑后反弹,创业板,数据不足,False,
2026-02-24,300070.SZ,300070.SZ,4.06,3.89,2025-12-30,8,第8次测试支撑后反弹,创业板,数据不足,False,
2025-04-29,300073.SZ,300073.SZ,37.9559,36.3341,2025-04-11,4,第4次测试支撑后反弹,创业板,数据不足,False,
2025-06-03,300073.SZ,300073.SZ,38.0,36.6724,2025-04-18,6,第6次测试支撑后反弹,创业板,数据不足,False,
2025-12-30,300073.SZ,300073.SZ,58.22,56.3,2025-12-15,3,第3次测试支撑后反弹,创业板,数据不足,False,
2026-02-05,300073.SZ,300073.SZ,56.03,55.1,2025-12-16,5,第5次测试支撑后反弹,创业板,数据不足,False,
2025-06-03,300083.SZ,300083.SZ,7.99,7.84,2025-04-11,7,第7次测试支撑后反弹,创业板,数据不足,False,
2025-11-21,300083.SZ,300083.SZ,9.08,8.77,2025-10-17,4,第4次测试支撑后反弹,创业板,数据不足,False,
2025-12-17,300083.SZ,300083.SZ,9.04,8.71,2025-11-21,5,第5次测试支撑后反弹,创业板,数据不足,False,
2026-02-05,300083.SZ,300083.SZ,8.77,8.54,2025-12-17,4,第4次测试支撑后反弹,创业板,数据不足,False,
2025-12-23,300088.SZ,300088.SZ,5.92,5.74,2025-11-21,6,第6次测试支撑后反弹,创业板,数据不足,False,
2025-04-29,300118.SZ,300118.SZ,8.93,8.58,2025-04-08,4,第4次测试支撑后反弹,创业板,数据不足,False,
2025-06-19,300118.SZ,300118.SZ,8.7,8.65,2025-04-28,4,第4次测试支撑后反弹,创业板,数据不足,False,
2025-09-29,300118.SZ,300118.SZ,10.46,10.0,2025-08-14,6,第6次测试支撑后反弹,创业板,数据不足,False,
2025-10-27,300118.SZ,300118.SZ,10.13,9.9,2025-09-23,5,第5次测试支撑后反弹,创业板,数据不足,False,
2025-12-04,300118.SZ,300118.SZ,10.15,9.9,2025-10-23,3,第3次测试支撑后反弹,创业板,数据不足,False,
2025-05-16,300122.SZ,300122.SZ,19.47,18.7,2025-04-29,3,第3次测试支撑后反弹,创业板,数据不足,False,
2025-06-13,300122.SZ,300122.SZ,18.95,18.7,2025-04-29,7,第7次测试支撑后反弹,创业板,数据不足,False,
2025-07-07,300122.SZ,300122.SZ,19.42,18.81,2025-06-16,4,第4次测试支撑后反弹,创业板,数据不足,False,
2025-12-31,300122.SZ,300122.SZ,18.9,18.9,2025-12-16,3,第3次测试支撑后反弹,创业板,数据不足,False,
2026-02-13,300122.SZ,300122.SZ,17.07,16.75,2026-01-21,4,第4次测试支撑后反弹,创业板,数据不足,False,
2025-06-20,300124.SZ,300124.SZ,62.23,60.7355,2025-04-21,5,第5次测试支撑后反弹,创业板,数据不足,False,
2025-07-10,300124.SZ,300124.SZ,62.8,61.44,2025-06-23,3,第3次测试支撑后反弹,创业板,数据不足,False,
2025-08-01,300124.SZ,300124.SZ,64.79,61.44,2025-06-23,6,第6次测试支撑后反弹,创业板,数据不足,False,
2025-12-18,300124.SZ,300124.SZ,71.83,69.41,2025-11-26,4,第4次测试支撑后反弹,创业板,数据不足,False,
2025-04-30,300136.SZ,300136.SZ,20.0146,19.1266,2025-04-11,4,第4次测试支撑后反弹,创业板,数据不足,False,
2025-04-29,300142.SZ,300142.SZ,10.0337,9.66506,2025-04-07,3,第3次测试支撑后反弹,创业板,数据不足,False,
2025-05-27,300142.SZ,300142.SZ,10.0236,9.81453,2025-04-29,5,第5次测试支撑后反弹,创业板,数据不足,False,
2025-06-16,300142.SZ,300142.SZ,10.1732,9.81453,2025-04-29,7,第7次测试支撑后反弹,创业板,数据不足,False,
2025-10-14,300142.SZ,300142.SZ,11.3601,11.2205,2025-09-29,3,第3次测试支撑后反弹,创业板,数据不足,False,
2025-12-31,300142.SZ,300142.SZ,10.9213,10.9911,2025-12-16,3,第3次测试支撑后反弹,创业板,数据不足,False,
2025-08-14,300144.SZ,300144.SZ,8.59,8.2553,2025-06-24,8,第8次测试支撑后反弹,创业板,数据不足,False,
2025-09-03,300144.SZ,300144.SZ,8.65,8.39,2025-07-15,8,第8次测试支撑后反弹,创业板,数据不足,False,
2025-11-27,300144.SZ,300144.SZ,7.91,7.96,2025-10-31,5,第5次测试支撑后反弹,创业板,数据不足,False,
2026-01-29,300144.SZ,300144.SZ,8.5,7.87,2025-12-05,7,第7次测试支撑后反弹,创业板,数据不足,False,
2025-12-10,300207.SZ,300207.SZ,28.85,27.88,2025-11-24,3,第3次测试支撑后反弹,创业板,数据不足,False,
2026-03-09,300207.SZ,300207.SZ,25.38,23.01,2026-02-06,2,第2次测试支撑后反弹,创业板,数据不足,False,
2025-04-28,300223.SZ,300223.SZ,64.9511,64.0125,2025-04-11,4,第4次测试支撑后反弹,创业板,数据不足,False,
2025-05-27,300223.SZ,300223.SZ,63.6531,64.0125,2025-04-11,7,第7次测试支撑后反弹,创业板,数据不足,False,
2025-06-10,300251.SZ,300251.SZ,17.92,17.2573,2025-05-26,3,第3次测试支撑后反弹,创业板,数据不足,False,
2025-09-18,300251.SZ,300251.SZ,18.61,18.41,2025-09-03,3,第3次测试支撑后反弹,创业板,数据不足,False,
2025-10-30,300251.SZ,300251.SZ,16.93,16.31,2025-10-15,3,第3次测试支撑后反弹,创业板,数据不足,False,
2025-11-21,300251.SZ,300251.SZ,15.86,16.12,2025-10-17,6,第6次测试支撑后反弹,创业板,数据不足,False,
2025-12-30,300251.SZ,300251.SZ,16.3,15.7,2025-11-21,7,第7次测试支撑后反弹,创业板,数据不足,False,
2025-05-28,300253.SZ,300253.SZ,9.39513,9.14552,2025-04-21,4,第4次测试支撑后反弹,创业板,数据不足,False,
2025-10-29,300253.SZ,300253.SZ,8.48,8.61,2025-09-23,5,第5次测试支撑后反弹,创业板,数据不足,False,
2025-12-15,300253.SZ,300253.SZ,8.24,7.88,2025-11-21,4,第4次测试支撑后反弹,创业板,数据不足,False,
2025-04-24,300274.SZ,300274.SZ,55.7722,53.9554,2025-04-08,3,第3次测试支撑后反弹,创业板,数据不足,False,
2026-02-13,300274.SZ,300274.SZ,149.6,145.21,2026-01-29,3,第3次测试支撑后反弹,创业板,数据不足,False,
2026-03-05,300274.SZ,300274.SZ,148.49,143.83,2026-01-30,5,第5次测试支撑后反弹,创业板,数据不足,False,
2025-04-29,300285.SZ,300285.SZ,16.7076,16.0156,2025-04-08,4,第4次测试支撑后反弹,创业板,数据不足,False,
2025-06-06,300285.SZ,300285.SZ,16.4624,16.0156,2025-04-08,9,第9次测试支撑后反弹,创业板,数据不足,False,
2025-04-29,300316.SZ,300316.SZ,27.204,26.1198,2025-04-07,3,第3次测试支撑后反弹,创业板,数据不足,False,
2025-05-20,300316.SZ,300316.SZ,28.1897,26.6915,2025-04-29,4,第4次测试支撑后反弹,创业板,数据不足,False,
2025-07-07,300316.SZ,300316.SZ,26.76,26.3,2025-06-16,4,第4次测试支撑后反弹,创业板,数据不足,False,
2025-12-18,300316.SZ,300316.SZ,34.98,33.8,2025-11-24,4,第4次测试支撑后反弹,创业板,数据不足,False,
2025-11-14,300339.SZ,300339.SZ,58.0287,55.672,2025-10-13,5,第5次测试支撑后反弹,创业板,数据不足,False,
2025-12-25,300339.SZ,300339.SZ,50.4294,48.4521,2025-12-04,4,第4次测试支撑后反弹,创业板,数据不足,False,
2026-02-06,300339.SZ,300339.SZ,49.29,46.8444,2025-12-17,3,第3次测试支撑后反弹,创业板,数据不足,False,
2026-02-26,300339.SZ,300339.SZ,49.28,48.0,2026-02-06,3,第3次测试支撑后反弹,创业板,数据不足,False,
2025-07-16,300346.SZ,300346.SZ,31.271,29.8587,2025-06-23,4,第4次测试支撑后反弹,创业板,数据不足,False,
2025-04-29,300347.SZ,300347.SZ,44.7889,42.6116,2025-04-09,4,第4次测试支撑后反弹,创业板,数据不足,False,
2025-05-19,300347.SZ,300347.SZ,42.1742,42.6116,2025-04-09,7,第7次测试支撑后反弹,创业板,数据不足,False,
2025-04-25,300383.SZ,300383.SZ,13.3925,13.0739,2025-04-07,2,第2次测试支撑后反弹,创业板,数据不足,False,
2025-05-23,300383.SZ,300383.SZ,13.18,13.044,2025-04-24,3,第3次测试支撑后反弹,创业板,数据不足,False,
2025-11-12,300383.SZ,300383.SZ,12.85,12.76,2025-10-23,4,第4次测试支撑后反弹,创业板,数据不足,False,
2025-12-08,300383.SZ,300383.SZ,12.96,12.56,2025-11-21,4,第4次测试支撑后反弹,创业板,数据不足,False,
2025-04-29,300390.SZ,300390.SZ,17.3513,17.1193,2025-04-08,2,第2次测试支撑后反弹,创业板,数据不足,False,
2025-06-18,300390.SZ,300390.SZ,17.31,16.9743,2025-05-28,4,第4次测试支撑后反弹,创业板,数据不足,False,
2025-05-28,300395.SZ,300395.SZ,43.3732,42.0969,2025-04-07,4,第4次测试支撑后反弹,创业板,数据不足,False,
2025-06-19,300395.SZ,300395.SZ,43.01,42.755,2025-05-23,5,第5次测试支撑后反弹,创业板,数据不足,False,
2025-05-09,300408.SZ,300408.SZ,34.292,32.9875,2025-04-08,5,第5次测试支撑后反弹,创业板,数据不足,False,
2025-07-15,300408.SZ,300408.SZ,32.1,30.9518,2025-06-18,5,第5次测试支撑后反弹,创业板,数据不足,False,
2025-12-18,300408.SZ,300408.SZ,43.4,41.24,2025-11-24,4,第4次测试支撑后反弹,创业板,数据不足,False,
2025-05-15,300413.SZ,300413.SZ,23.4164,22.3772,2025-04-28,3,第3次测试支撑后反弹,创业板,数据不足,False,
2025-07-07,300413.SZ,300413.SZ,21.249,20.7937,2025-06-20,4,第4次测试支撑后反弹,创业板,数据不足,False,
2025-12-30,300413.SZ,300413.SZ,23.85,23.13,2025-12-15,3,第3次测试支撑后反弹,创业板,数据不足,False,
2025-04-29,300418.SZ,300418.SZ,32.28,29.69,2025-04-11,4,第4次测试支撑后反弹,创业板,数据不足,False,
2025-12-04,300418.SZ,300418.SZ,40.1,39.1,2025-11-14,4,第4次测试支撑后反弹,创业板,数据不足,False,
2025-12-29,300418.SZ,300418.SZ,40.03,39.1,2025-11-14,8,第8次测试支撑后反弹,创业板,数据不足,False,
2025-04-28,300442.SZ,300442.SZ,45.9452,45.5492,2025-04-07,2,第2次测试支撑后反弹,创业板,数据不足,False,
2025-06-17,300442.SZ,300442.SZ,42.3112,42.3904,2025-05-30,4,第4次测试支撑后反弹,创业板,数据不足,False,
2025-11-12,300442.SZ,300442.SZ,47.0,45.45,2025-10-17,4,第4次测试支撑后反弹,创业板,数据不足,False,
2025-04-25,300450.SZ,300450.SZ,18.5481,18.2687,2025-04-10,3,第3次测试支撑后反弹,创业板,数据不足,False,
2025-12-18,300450.SZ,300450.SZ,46.78,46.68,2025-11-21,5,第5次测试支撑后反弹,创业板,数据不足,False,
2025-05-27,300454.SZ,300454.SZ,87.02,84.9614,2025-04-07,4,第4次测试支撑后反弹,创业板,数据不足,False,
2025-06-23,300454.SZ,300454.SZ,88.37,85.8008,2025-05-28,5,第5次测试支撑后反弹,创业板,数据不足,False,
2025-07-14,300454.SZ,300454.SZ,89.4,86.4304,2025-05-29,8,第8次测试支撑后反弹,创业板,数据不足,False,
2025-04-29,300457.SZ,300457.SZ,16.2878,15.6812,2025-04-08,2,第2次测试支撑后反弹,创业板,数据不足,False,
2025-04-29,300457.SZ,300457.SZ,16.2878,16.5065,2025-04-11,4,第4次测试支撑后反弹,创业板,数据不足,False,
2025-12-19,300457.SZ,300457.SZ,26.37,26.0,2025-12-04,3,第3次测试支撑后反弹,创业板,数据不足,False,
2025-04-28,300459.SZ,300459.SZ,4.75,4.87,2025-04-11,4,第4次测试支撑后反弹,创业板,数据不足,False,
2025-05-19,300459.SZ,300459.SZ,5.07,4.87,2025-04-11,6,第6次测试支撑后反弹,创业板,数据不足,False,
2025-12-31,300459.SZ,300459.SZ,4.72,4.37,2025-12-16,3,第3次测试支撑后反弹,创业板,数据不足,False,
2025-04-29,300474.SZ,300474.SZ,67.5279,65.8295,2025-04-08,2,第2次测试支撑后反弹,创业板,数据不足,False,
2025-05-23,300474.SZ,300474.SZ,65.6,65.8295,2025-04-08,6,第6次测试支撑后反弹,创业板,数据不足,False,
2025-06-23,300474.SZ,300474.SZ,68.74,65.6,2025-05-26,3,第3次测试支撑后反弹,创业板,数据不足,False,
2025-10-23,300474.SZ,300474.SZ,73.88,73.3,2025-09-04,5,第5次测试支撑后反弹,创业板,数据不足,False,
2025-11-13,300474.SZ,300474.SZ,70.68,71.5,2025-10-17,5,第5次测试支撑后反弹,创业板,数据不足,False,
2025-12-03,300474.SZ,300474.SZ,71.5,69.62,2025-11-12,4,第4次测试支撑后反弹,创业板,数据不足,False,
2025-12-31,300474.SZ,300474.SZ,72.33,69.91,2025-11-13,6,第6次测试支撑后反弹,创业板,数据不足,False,
2026-01-21,300476.SZ,300476.SZ,271.0,256.84,2025-11-25,4,第4次测试支撑后反弹,创业板,数据不足,False,
2026-02-24,300476.SZ,300476.SZ,268.0,253.0,2026-02-04,3,第3次测试支撑后反弹,创业板,数据不足,False,
2025-12-11,300496.SZ,300496.SZ,62.49,60.94,2025-11-21,3,第3次测试支撑后反弹,创业板,数据不足,False,
2025-05-15,300529.SZ,300529.SZ,21.019,20.3633,2025-04-29,3,第3次测试支撑后反弹,创业板,数据不足,False,
2025-07-02,300529.SZ,300529.SZ,21.62,20.7394,2025-05-08,9,第9次测试支撑后反弹,创业板,数据不足,False,
2025-10-20,300529.SZ,300529.SZ,21.43,21.5,2025-09-23,5,第5次测试支撑后反弹,创业板,数据不足,False,
2025-12-31,300529.SZ,300529.SZ,19.66,19.19,2025-12-16,3,第3次测试支撑后反弹,创业板,数据不足,False,
2026-01-21,300529.SZ,300529.SZ,20.24,19.44,2025-12-15,6,第6次测试支撑后反弹,创业板,数据不足,False,
2025-04-29,300558.SZ,300558.SZ,50.5466,48.7624,2025-03-13,8,第8次测试支撑后反弹,创业板,数据不足,False,
2025-05-19,300558.SZ,300558.SZ,49.0216,46.9483,2025-04-09,4,第4次测试支撑后反弹,创业板,数据不足,False,
2025-12-30,300558.SZ,300558.SZ,46.73,46.51,2025-12-05,5,第5次测试支撑后反弹,创业板,数据不足,False,
2026-01-22,300558.SZ,300558.SZ,47.7,46.43,2025-12-30,3,第3次测试支撑后反弹,创业板,数据不足,False,
2026-02-24,300558.SZ,300558.SZ,45.82,45.7,2026-02-02,3,第3次测试支撑后反弹,创业板,数据不足,False,
2025-05-27,300567.SZ,300567.SZ,57.02,55.16,2025-04-09,4,第4次测试支撑后反弹,创业板,数据不足,False,
2025-06-19,300567.SZ,300567.SZ,55.51,56.62,2025-06-03,3,第3次测试支撑后反弹,创业板,数据不足,False,
2025-08-08,300567.SZ,300567.SZ,58.08,56.51,2025-06-16,8,第8次测试支撑后反弹,创业板,数据不足,False,
2025-04-29,300568.SZ,300568.SZ,9.07055,8.77185,2025-04-11,4,第4次测试支撑后反弹,创业板,数据不足,False,
2026-03-05,300568.SZ,300568.SZ,13.43,13.21,2026-02-02,2,第2次测试支撑后反弹,创业板,数据不足,False,
2025-04-24,300573.SZ,300573.SZ,49.199,47.8172,2025-03-13,4,第4次测试支撑后反弹,创业板,数据不足,False,
2025-06-20,300573.SZ,300573.SZ,50.2628,48.557,2025-04-28,5,第5次测试支撑后反弹,创业板,数据不足,False,
2026-02-24,300573.SZ,300573.SZ,70.3,67.78,2026-02-02,3,第3次测试支撑后反弹,创业板,数据不足,False,
2025-04-29,300601.SZ,300601.SZ,13.7147,13.4662,2025-04-09,4,第4次测试支撑后反弹,创业板,数据不足,False,
2025-05-27,300601.SZ,300601.SZ,13.6054,13.4464,2025-04-29,5,第5次测试支撑后反弹,创业板,数据不足,False,
2025-10-14,300601.SZ,300601.SZ,16.45,16.16,2025-09-29,3,第3次测试支撑后反弹,创业板,数据不足,False,
2025-12-30,300601.SZ,300601.SZ,14.78,14.96,2025-12-15,3,第3次测试支撑后反弹,创业板,数据不足,False,
2025-11-04,300627.SZ,300627.SZ,31.3,31.61,2025-10-17,4,第4次测试支撑后反弹,创业板,数据不足,False,
2025-12-02,300627.SZ,300627.SZ,30.55,30.83,2025-11-05,5,第5次测试支撑后反弹,创业板,数据不足,False,
2025-04-29,300628.SZ,300628.SZ,31.8549,31.1132,2025-04-09,4,第4次测试支撑后反弹,创业板,数据不足,False,
2025-07-09,300661.SZ,300661.SZ,69.33,68.5397,2025-06-18,4,第4次测试支撑后反弹,创业板,数据不足,False,
2025-09-09,300661.SZ,300661.SZ,69.88,67.86,2025-07-17,5,第5次测试支撑后反弹,创业板,数据不足,False,
2025-12-15,300661.SZ,300661.SZ,64.23,63.08,2025-11-24,4,第4次测试支撑后反弹,创业板,数据不足,False,
2025-06-20,300676.SZ,300676.SZ,47.88,46.4,2025-04-29,4,第4次测试支撑后反弹,创业板,数据不足,False,
2025-07-11,300676.SZ,300676.SZ,49.3,47.36,2025-06-23,3,第3次测试支撑后反弹,创业板,数据不足,False,
2025-09-05,300676.SZ,300676.SZ,51.05,48.16,2025-07-15,4,第4次测试支撑后反弹,创业板,数据不足,False,
2025-10-17,300676.SZ,300676.SZ,46.94,47.7,2025-09-29,3,第3次测试支撑后反弹,创业板,数据不足,False,
2025-11-06,300676.SZ,300676.SZ,47.76,46.53,2025-10-17,4,第4次测试支撑后反弹,创业板,数据不足,False,
2025-12-30,300676.SZ,300676.SZ,45.35,43.98,2025-12-12,4,第4次测试支撑后反弹,创业板,数据不足,False,
2025-09-03,300699.SZ,300699.SZ,30.15,29.96,2025-08-01,6,第6次测试支撑后反弹,创业板,数据不足,False,
2025-09-30,300699.SZ,300699.SZ,30.45,29.37,2025-09-04,5,第5次测试支撑后反弹,创业板,数据不足,False,
2025-11-05,300699.SZ,300699.SZ,28.28,28.18,2025-10-21,3,第3次测试支撑后反弹,创业板,数据不足,False,
2025-06-20,300724.SZ,300724.SZ,52.22,50.42,2025-06-03,3,第3次测试支撑后反弹,创业板,数据不足,False,
2025-04-21,300748.SZ,300748.SZ,19.9871,19.1461,2025-03-31,3,第3次测试支撑后反弹,创业板,数据不足,False,
2025-05-28,300748.SZ,300748.SZ,19.6903,18.9185,2025-04-18,3,第3次测试支撑后反弹,创业板,数据不足,False,
2025-12-18,300748.SZ,300748.SZ,32.72,32.83,2025-11-21,5,第5次测试支撑后反弹,创业板,数据不足,False,
2026-03-04,300750.SZ,300750.SZ,344.58,333.01,2026-01-28,4,第4次测试支撑后反弹,创业板,数据不足,False,
2025-04-29,300751.SZ,300751.SZ,69.0337,66.085,2025-04-09,4,第4次测试支撑后反弹,创业板,数据不足,False,
2025-05-28,300751.SZ,300751.SZ,69.6344,67.1698,2025-04-29,4,第4次测试支撑后反弹,创业板,数据不足,False,
2025-05-09,300757.SZ,300757.SZ,133.978,127.779,2025-04-24,3,第3次测试支撑后反弹,创业板,数据不足,False,
2025-06-03,300757.SZ,300757.SZ,133.738,127.779,2025-04-24,6,第6次测试支撑后反弹,创业板,数据不足,False,
2025-06-23,300757.SZ,300757.SZ,128.968,126.479,2025-04-25,8,第8次测试支撑后反弹,创业板,数据不足,False,
2025-04-22,300759.SZ,300759.SZ,22.317,21.4739,2025-04-07,3,第3次测试支撑后反弹,创业板,数据不足,False,
2025-05-19,300759.SZ,300759.SZ,22.2277,21.4739,2025-04-07,4,第4次测试支撑后反弹,创业板,数据不足,False,
2025-12-11,300759.SZ,300759.SZ,29.03,28.28,2025-11-24,3,第3次测试支撑后反弹,创业板,数据不足,False,
2025-12-31,300759.SZ,300759.SZ,28.52,28.11,2025-11-21,7,第7次测试支撑后反弹,创业板,数据不足,False,
2026-02-03,300759.SZ,300759.SZ,29.41,28.28,2025-12-31,4,第4次测试支撑后反弹,创业板,数据不足,False,
2025-04-28,300760.SZ,300760.SZ,211.085,204.885,2025-04-08,4,第4次测试支撑后反弹,创业板,数据不足,False,
2025-12-11,300760.SZ,300760.SZ,195.75,192.25,2025-11-24,3,第3次测试支撑后反弹,创业板,数据不足,False,
2025-12-31,300760.SZ,300760.SZ,190.46,191.78,2025-11-27,6,第6次测试支撑后反弹,创业板,数据不足,False,
2026-01-28,300760.SZ,300760.SZ,188.07,190.37,2025-12-31,4,第4次测试支撑后反弹,创业板,数据不足,False,
2025-04-17,300763.SZ,300763.SZ,49.2007,49.0015,2025-03-13,4,第4次测试支撑后反弹,创业板,数据不足,False,
2025-12-11,300763.SZ,300763.SZ,71.87,70.36,2025-11-24,3,第3次测试支撑后反弹,创业板,数据不足,False,
2025-12-31,300763.SZ,300763.SZ,71.87,69.41,2025-12-03,5,第5次测试支撑后反弹,创业板,数据不足,False,
2025-04-29,300782.SZ,300782.SZ,75.26,70.5038,2025-04-08,2,第2次测试支撑后反弹,创业板,数据不足,False,
2025-05-28,300782.SZ,300782.SZ,69.86,68.3068,2025-04-07,3,第3次测试支撑后反弹,创业板,数据不足,False,
2025-07-15,300782.SZ,300782.SZ,71.92,68.3,2025-06-24,4,第4次测试支撑后反弹,创业板,数据不足,False,
2025-12-11,300782.SZ,300782.SZ,68.5,67.11,2025-11-21,4,第4次测试支撑后反弹,创业板,数据不足,False,
2025-11-27,300803.SZ,300803.SZ,122.162,117.775,2025-11-12,3,第3次测试支撑后反弹,创业板,数据不足,False,
2025-05-09,300832.SZ,300832.SZ,51.1053,49.6582,2025-04-21,3,第3次测试支撑后反弹,创业板,数据不足,False,
2025-08-08,300832.SZ,300832.SZ,55.07,53.35,2025-07-16,4,第4次测试支撑后反弹,创业板,数据不足,False,
2025-12-15,300832.SZ,300832.SZ,57.88,57.95,2025-11-27,4,第4次测试支撑后反弹,创业板,数据不足,False,
2025-11-04,300866.SZ,300866.SZ,113.95,114.14,2025-10-14,4,第4次测试支撑后反弹,创业板,数据不足,False,
2026-01-14,300866.SZ,300866.SZ,105.86,101.1,2025-11-21,5,第5次测试支撑后反弹,创业板,数据不足,False,
2025-06-03,300896.SZ,300896.SZ,173.343,163.263,2025-04-09,9,第9次测试支撑后反弹,创业板,数据不足,False,
2025-06-23,300896.SZ,300896.SZ,171.853,165.235,2025-04-25,10,第10次测试支撑后反弹,创业板,数据不足,False,
2025-07-15,300896.SZ,300896.SZ,173.363,167.463,2025-06-03,7,第7次测试支撑后反弹,创业板,数据不足,False,
2025-12-30,300896.SZ,300896.SZ,141.76,137.6,2025-12-12,4,第4次测试支撑后反弹,创业板,数据不足,False,
2026-01-27,300896.SZ,300896.SZ,137.49,137.36,2025-12-16,6,第6次测试支撑后反弹,创业板,数据不足,False,
2026-03-09,300896.SZ,300896.SZ,140.22,137.45,2026-01-29,5,第5次测试支撑后反弹,创业板,数据不足,False,
2025-04-29,300919.SZ,300919.SZ,31.1646,30.4765,2025-04-08,4,第4次测试支撑后反弹,创业板,数据不足,False,
2025-05-30,300919.SZ,300919.SZ,31.4265,30.4765,2025-04-08,8,第8次测试支撑后反弹,创业板,数据不足,False,
2025-12-19,300919.SZ,300919.SZ,41.75,39.58,2025-12-04,3,第3次测试支撑后反弹,创业板,数据不足,False,
2025-04-28,301236.SZ,301236.SZ,55.246,52.9004,2025-04-11,4,第4次测试支撑后反弹,创业板,数据不足,False,
2025-05-28,301236.SZ,301236.SZ,52.1119,52.5611,2025-04-16,5,第5次测试支撑后反弹,创业板,数据不足,False,
2025-06-20,301236.SZ,301236.SZ,52.13,51.7326,2025-05-28,4,第4次测试支撑后反弹,创业板,数据不足,False,
2025-07-15,301236.SZ,301236.SZ,53.5,51.17,2025-06-20,5,第5次测试支撑后反弹,创业板,数据不足,False,
2025-09-29,301236.SZ,301236.SZ,55.55,52.61,2025-09-04,5,第5次测试支撑后反弹,创业板,数据不足,False,
2025-11-13,301236.SZ,301236.SZ,49.97,50.05,2025-10-21,4,第4次测试支撑后反弹,创业板,数据不足,False,
2025-12-23,301236.SZ,301236.SZ,46.59,45.48,2025-12-04,4,第4次测试支撑后反弹,创业板,数据不足,False,
2026-02-06,301236.SZ,301236.SZ,46.96,45.01,2025-12-16,5,第5次测试支撑后反弹,创业板,数据不足,False,
2025-05-30,301358.SZ,301358.SZ,27.59,26.7658,2025-04-29,3,第3次测试支撑后反弹,创业板,数据不足,False,
2026-02-04,301358.SZ,301358.SZ,60.29,59.4,2026-01-14,4,第4次测试支撑后反弹,创业板,数据不足,False,
2025-11-03,600000.SS,600000.SS,11.64,11.63,2025-10-09,3,第3次测试支撑后反弹,沪市主板,数据不足,False,
2025-12-10,600000.SS,600000.SS,11.41,11.25,2025-11-18,4,第4次测试支撑后反弹,沪市主板,数据不足,False,
2026-01-16,600004.SS,600004.SS,9.49,9.33,2025-12-31,3,第3次测试支撑后反弹,沪市主板,数据不足,False,
2025-05-26,600007.SS,600007.SS,20.641,19.8424,2025-04-07,6,第6次测试支撑后反弹,沪市主板,数据不足,False,
2025-06-23,600007.SS,600007.SS,20.5935,20.2702,2025-05-16,7,第7次测试支撑后反弹,沪市主板,数据不足,False,
2025-09-03,600007.SS,600007.SS,20.69,20.28,2025-08-04,5,第5次测试支撑后反弹,沪市主板,数据不足,False,
2025-10-13,600007.SS,600007.SS,20.23,20.21,2025-08-28,6,第6次测试支撑后反弹,沪市主板,数据不足,False,
2026-01-16,600007.SS,600007.SS,19.67,18.83,2025-12-17,5,第5次测试支撑后反弹,沪市主板,数据不足,False,
2026-01-16,600008.SS,600008.SS,3.02,2.92092,2025-12-11,6,第6次测试支撑后反弹,沪市主板,数据不足,False,
2026-02-13,600008.SS,600008.SS,3.06,2.93079,2025-12-17,9,第9次测试支撑后反弹,沪市主板,数据不足,False,
2025-04-15,600009.SS,600009.SS,32.094,31.4543,2025-03-13,6,第6次测试支撑后反弹,沪市主板,数据不足,False,
2025-07-22,600009.SS,600009.SS,31.907,30.7851,2025-06-19,6,第6次测试支撑后反弹,沪市主板,数据不足,False,
2025-09-04,600009.SS,600009.SS,31.7197,30.9425,2025-07-07,9,第9次测试支撑后反弹,沪市主板,数据不足,False,
2025-10-29,600009.SS,600009.SS,31.95,31.074,2025-10-13,3,第3次测试支撑后反弹,沪市主板,数据不足,False,
2025-12-16,600009.SS,600009.SS,31.8,31.2,2025-10-20,9,第9次测试支撑后反弹,沪市主板,数据不足,False,
2026-01-16,600009.SS,600009.SS,31.72,30.56,2025-12-16,2,第2次测试支撑后反弹,沪市主板,数据不足,False,
2025-04-29,600010.SS,600010.SS,1.74802,1.72805,2025-04-10,4,第4次测试支撑后反弹,沪市主板,数据不足,False,
2025-06-05,600010.SS,600010.SS,1.75801,1.72805,2025-04-10,9,第9次测试支撑后反弹,沪市主板,数据不足,False,
2025-12-31,600010.SS,600010.SS,2.39,2.31,2025-12-16,3,第3次测试支撑后反弹,沪市主板,数据不足,False,
2026-02-05,600010.SS,600010.SS,2.41,2.33,2025-12-18,7,第7次测试支撑后反弹,沪市主板,数据不足,False,
2025-07-17,600011.SS,600011.SS,7.08,6.77488,2025-06-30,3,第3次测试支撑后反弹,沪市主板,数据不足,False,
2026-02-25,600011.SS,600011.SS,7.1,6.79,2026-02-03,3,第3次测试支撑后反弹,沪市主板,数据不足,False,
2025-04-30,600018.SS,600018.SS,5.32198,5.11915,2025-04-07,4,第4次测试支撑后反弹,沪市主板,数据不足,False,
2025-08-19,600018.SS,600018.SS,5.68782,5.49584,2025-06-30,8,第8次测试支撑后反弹,沪市主板,数据不足,False,
2025-11-28,600018.SS,600018.SS,5.48964,5.37073,2025-09-29,9,第9次测试支撑后反弹,沪市主板,数据不足,False,
2025-04-24,600019.SS,600019.SS,6.48525,6.3207,2025-04-07,3,第3次测试支撑后反弹,沪市主板,数据不足,False,
2025-06-10,600019.SS,600019.SS,6.58382,6.29167,2025-04-24,6,第6次测试支撑后反弹,沪市主板,数据不足,False,
2025-09-25,600019.SS,600019.SS,6.79,6.73121,2025-09-01,4,第4次测试支撑后反弹,沪市主板,数据不足,False,
2026-01-16,600019.SS,600019.SS,7.15,7.0,2025-12-17,5,第5次测试支撑后反弹,沪市主板,数据不足,False,
2026-02-25,600019.SS,600019.SS,7.06,6.92,2026-02-03,3,第3次测试支撑后反弹,沪市主板,数据不足,False,
2025-04-23,600026.SS,600026.SS,9.95184,9.61881,2025-04-08,3,第3次测试支撑后反弹,沪市主板,数据不足,False,
2025-06-11,600026.SS,600026.SS,10.2849,9.74615,2025-04-16,9,第9次测试支撑后反弹,沪市主板,数据不足,False,
2025-12-31,600026.SS,600026.SS,11.64,11.24,2025-12-12,4,第4次测试支撑后反弹,沪市主板,数据不足,False,
2025-05-12,600028.SS,600028.SS,5.51756,5.30608,2025-04-09,6,第6次测试支撑后反弹,沪市主板,数据不足,False,
2025-08-19,600028.SS,600028.SS,5.63059,5.47309,2025-06-24,9,第9次测试支撑后反弹,沪市主板,数据不足,False,
2025-04-15,600029.SS,600029.SS,5.7,5.61,2025-02-24,8,第8次测试支撑后反弹,沪市主板,数据不足,False,
2025-06-23,600029.SS,600029.SS,5.86,5.6,2025-04-30,6,第6次测试支撑后反弹,沪市主板,数据不足,False,
2025-09-04,600029.SS,600029.SS,5.89,5.64,2025-08-04,5,第5次测试支撑后反弹,沪市主板,数据不足,False,
2025-06-03,600030.SS,600030.SS,25.43,24.2331,2025-04-10,9,第9次测试支撑后反弹,沪市主板,数据不足,False,
2025-10-22,600030.SS,600030.SS,29.2457,27.9591,2025-09-23,5,第5次测试支撑后反弹,沪市主板,数据不足,False,
2026-01-27,600030.SS,600030.SS,27.6127,26.7417,2025-12-04,7,第7次测试支撑后反弹,沪市主板,数据不足,False,
2025-12-25,600031.SS,600031.SS,20.63,20.1,2025-11-27,5,第5次测试支撑后反弹,沪市主板,数据不足,False,
2025-04-30,600036.SS,600036.SS,39.0457,36.8033,2025-04-07,2,第2次测试支撑后反弹,沪市主板,数据不足,False,
2025-10-10,600036.SS,600036.SS,39.0775,39.5259,2025-09-19,4,第4次测试支撑后反弹,沪市主板,数据不足,False,
2025-10-31,600036.SS,600036.SS,40.101,38.6974,2025-10-13,3,第3次测试支撑后反弹,沪市主板,数据不足,False,
2025-06-24,600038.SS,600038.SS,37.06,35.3032,2025-04-28,9,第9次测试支撑后反弹,沪市主板,数据不足,False,
2025-10-10,600038.SS,600038.SS,36.5,35.31,2025-09-25,3,第3次测试支撑后反弹,沪市主板,数据不足,False,
2025-08-22,600039.SS,600039.SS,8.33977,8.18035,2025-08-01,4,第4次测试支撑后反弹,沪市主板,数据不足,False,
2025-09-18,600039.SS,600039.SS,8.36966,8.14049,2025-08-15,5,第5次测试支撑后反弹,沪市主板,数据不足,False,
2025-10-09,600039.SS,600039.SS,7.95118,8.14049,2025-08-15,8,第8次测试支撑后反弹,沪市主板,数据不足,False,
2025-06-13,600048.SS,600048.SS,7.92766,7.84936,2025-05-26,3,第3次测试支撑后反弹,沪市主板,数据不足,False,
2025-07-18,600048.SS,600048.SS,7.88851,7.61447,2025-06-23,4,第4次测试支撑后反弹,沪市主板,数据不足,False,
2025-08-21,600048.SS,600048.SS,8.0,7.70255,2025-06-24,9,第9次测试支撑后反弹,沪市主板,数据不足,False,
2025-09-18,600048.SS,600048.SS,7.77,7.68,2025-09-03,3,第3次测试支撑后反弹,沪市主板,数据不足,False,
2026-01-05,600048.SS,600048.SS,6.3,6.19,2025-12-17,4,第4次测试支撑后反弹,沪市主板,数据不足,False,
2025-09-29,600050.SS,600050.SS,5.3702,5.17421,2025-08-04,8,第8次测试支撑后反弹,沪市主板,数据不足,False,
2025-12-31,600050.SS,600050.SS,5.15,5.07,2025-12-16,3,第3次测试支撑后反弹,沪市主板,数据不足,False,
2026-03-04,600050.SS,600050.SS,4.86,4.78,2026-02-03,4,第4次测试支撑后反弹,沪市主板,数据不足,False,
2025-04-11,600066.SS,600066.SS,24.5031,23.2543,2025-02-24,6,第6次测试支撑后反弹,沪市主板,数据不足,False,
2025-05-20,600066.SS,600066.SS,23.9829,23.2732,2025-04-10,5,第5次测试支撑后反弹,沪市主板,数据不足,False,
2026-03-03,600066.SS,600066.SS,30.3,29.75,2026-02-04,3,第3次测试支撑后反弹,沪市主板,数据不足,False,
2025-04-18,600085.SS,600085.SS,35.7546,35.2615,2025-02-26,8,第8次测试支撑后反弹,沪市主板,数据不足,False,
2025-07-31,600085.SS,600085.SS,36.0,35.2122,2025-06-23,6,第6次测试支撑后反弹,沪市主板,数据不足,False,
2025-11-06,600085.SS,600085.SS,33.82,33.6,2025-10-09,5,第5次测试支撑后反弹,沪市主板,数据不足,False,
2025-12-12,600085.SS,600085.SS,32.02,32.99,2025-10-31,7,第7次测试支撑后反弹,沪市主板,数据不足,False,
2025-05-09,600089.SS,600089.SS,11.5828,11.1125,2025-04-16,4,第4次测试支撑后反弹,沪市主板,数据不足,False,
2025-04-11,600104.SS,600104.SS,15.4123,15.0143,2025-03-24,3,第3次测试支撑后反弹,沪市主板,数据不足,False,
2025-06-06,600104.SS,600104.SS,15.2133,14.8551,2025-04-10,5,第5次测试支撑后反弹,沪市主板,数据不足,False,
2025-12-09,600104.SS,600104.SS,15.28,14.7,2025-11-21,4,第4次测试支撑后反弹,沪市主板,数据不足,False,
2025-12-31,600104.SS,600104.SS,15.23,14.78,2025-11-25,6,第6次测试支撑后反弹,沪市主板,数据不足,False,
2026-03-04,600104.SS,600104.SS,13.88,14.02,2026-01-29,5,第5次测试支撑后反弹,沪市主板,数据不足,False,
2025-11-27,600111.SS,600111.SS,45.9,45.04,2025-11-12,3,第3次测试支撑后反弹,沪市主板,数据不足,False,
2025-12-18,600111.SS,600111.SS,44.13,43.5,2025-11-24,3,第3次测试支撑后反弹,沪市主板,数据不足,False,
2025-04-15,600115.SS,600115.SS,3.79,3.62,2025-03-31,3,第3次测试支撑后反弹,沪市主板,数据不足,False,
2025-05-09,600115.SS,600115.SS,3.79,3.62,2025-03-31,6,第6次测试支撑后反弹,沪市主板,数据不足,False,
2025-08-13,600115.SS,600115.SS,3.85,3.75,2025-07-15,5,第5次测试支撑后反弹,沪市主板,数据不足,False,
2025-05-26,600118.SS,600118.SS,26.4105,25.4009,2025-04-29,5,第5次测试支撑后反弹,沪市主板,数据不足,False,
2025-06-03,600143.SS,600143.SS,10.2177,9.74248,2025-04-11,5,第5次测试支撑后反弹,沪市主板,数据不足,False,
2025-12-18,600143.SS,600143.SS,17.61,17.48,2025-11-24,4,第4次测试支撑后反弹,沪市主板,数据不足,False,
2025-11-18,600150.SS,600150.SS,34.03,33.83,2025-10-13,4,第4次测试支撑后反弹,沪市主板,数据不足,False,
2025-12-08,600150.SS,600150.SS,34.33,33.83,2025-10-13,7,第7次测试支撑后反弹,沪市主板,数据不足,False,
2025-12-31,600150.SS,600150.SS,33.41,32.8,2025-12-16,3,第3次测试支撑后反弹,沪市主板,数据不足,False,
2026-01-30,600150.SS,600150.SS,33.4,32.48,2025-12-17,5,第5次测试支撑后反弹,沪市主板,数据不足,False,
2025-05-22,600153.SS,600153.SS,9.68566,9.31357,2025-04-08,6,第6次测试支撑后反弹,沪市主板,数据不足,False,
2025-06-23,600153.SS,600153.SS,9.82277,9.51917,2025-06-03,4,第4次测试支撑后反弹,沪市主板,数据不足,False,
2025-11-03,600153.SS,600153.SS,9.9207,9.67587,2025-09-26,6,第6次测试支撑后反弹,沪市主板,数据不足,False,
2025-12-31,600153.SS,600153.SS,9.19599,9.10785,2025-12-12,4,第4次测试支撑后反弹,沪市主板,数据不足,False,
2026-01-27,600153.SS,600153.SS,9.13723,8.98054,2025-12-31,5,第5次测试支撑后反弹,沪市主板,数据不足,False,
2026-03-11,600153.SS,600153.SS,9.28,8.8826,2026-01-27,6,第6次测试支撑后反弹,沪市主板,数据不足,False,
2025-04-24,600157.SS,600157.SS,1.36,1.31,2025-04-07,3,第3次测试支撑后反弹,沪市主板,数据不足,False,
2025-12-18,600157.SS,600157.SS,1.6,1.54,2025-11-24,4,第4次测试支撑后反弹,沪市主板,数据不足,False,
2026-02-03,600157.SS,600157.SS,1.6,1.55,2025-12-17,7,第7次测试支撑后反弹,沪市主板,数据不足,False,
2025-04-10,600160.SS,600160.SS,23.6877,22.7204,2025-02-19,7,第7次测试支撑后反弹,沪市主板,数据不足,False,
2025-12-02,600160.SS,600160.SS,33.6914,32.4269,2025-11-05,5,第5次测试支撑后反弹,沪市主板,数据不足,False,
2025-05-27,600208.SS,600208.SS,2.51,2.54,2025-04-09,5,第5次测试支撑后反弹,沪市主板,数据不足,False,
2025-06-19,600208.SS,600208.SS,2.58,2.49,2025-05-28,4,第4次测试支撑后反弹,沪市主板,数据不足,False,
2025-12-18,600208.SS,600208.SS,3.84,3.91,2025-11-21,4,第4次测试支撑后反弹,沪市主板,数据不足,False,
2025-09-22,600312.SS,600312.SS,15.721,14.7613,2025-09-04,4,第4次测试支撑后反弹,沪市主板,数据不足,False,
2025-05-09,600438.SS,600438.SS,16.65,16.48,2025-04-09,5,第5次测试支撑后反弹,沪市主板,数据不足,False,
2025-12-11,600438.SS,600438.SS,21.4,20.63,2025-10-13,4,第4次测试支撑后反弹,沪市主板,数据不足,False,
2026-01-05,600438.SS,600438.SS,21.11,20.68,2025-12-19,4,第4次测试支撑后反弹,沪市主板,数据不足,False,
2026-03-10,600438.SS,600438.SS,18.63,17.79,2026-02-02,5,第5次测试支撑后反弹,沪市主板,数据不足,False,
2025-12-16,600460.SS,600460.SS,27.23,26.88,2025-11-24,4,第4次测试支撑后反弹,沪市主板,数据不足,False,
2025-10-17,600482.SS,600482.SS,21.6751,21.0775,2025-09-23,4,第4次测试支撑后反弹,沪市主板,数据不足,False,
2025-11-18,600482.SS,600482.SS,20.3005,20.5495,2025-11-03,3,第3次测试支撑后反弹,沪市主板,数据不足,False,
2025-12-08,600482.SS,600482.SS,20.0,19.8024,2025-11-21,4,第4次测试支撑后反弹,沪市主板,数据不足,False,
2025-11-25,600486.SS,600486.SS,61.9,60.41,2025-11-05,2,第2次测试支撑后反弹,沪市主板,数据不足,False,
2025-12-17,600486.SS,600486.SS,64.8,61.38,2025-11-26,4,第4次测试支撑后反弹,沪市主板,数据不足,False,
2025-05-27,600487.SS,600487.SS,14.8732,14.2625,2025-04-07,5,第5次测试支撑后反弹,沪市主板,数据不足,False,
2025-12-16,600487.SS,600487.SS,19.88,19.2,2025-11-25,4,第4次测试支撑后反弹,沪市主板,数据不足,False,
2025-05-30,600497.SS,600497.SS,5.01018,4.87424,2025-04-16,7,第7次测试支撑后反弹,沪市主板,数据不足,False,
2025-06-20,600498.SS,600498.SS,19.9,19.595,2025-05-30,4,第4次测试支撑后反弹,沪市主板,数据不足,False,
2025-12-04,600498.SS,600498.SS,23.29,22.52,2025-11-19,3,第3次测试支撑后反弹,沪市主板,数据不足,False,
2025-04-29,600511.SS,600511.SS,28.2373,27.8675,2025-04-08,4,第4次测试支撑后反弹,沪市主板,数据不足,False,
2025-07-31,600511.SS,600511.SS,29.7,28.58,2025-06-19,7,第7次测试支撑后反弹,沪市主板,数据不足,False,
2025-10-20,600511.SS,600511.SS,29.38,28.51,2025-09-26,4,第4次测试支撑后反弹,沪市主板,数据不足,False,
2026-02-27,600511.SS,600511.SS,29.76,28.58,2025-12-31,8,第8次测试支撑后反弹,沪市主板,数据不足,False,
2025-06-05,600515.SS,600515.SS,3.38533,3.27548,2025-04-07,3,第3次测试支撑后反弹,沪市主板,数据不足,False,
2026-01-15,600515.SS,600515.SS,4.63,4.44,2025-12-18,2,第2次测试支撑后反弹,沪市主板,数据不足,False,
2025-04-30,600516.SS,600516.SS,4.63004,4.5006,2025-04-08,4,第4次测试支撑后反弹,沪市主板,数据不足,False,
2025-07-16,600516.SS,600516.SS,4.7,4.5006,2025-06-18,5,第5次测试支撑后反弹,沪市主板,数据不足,False,
2026-01-22,600516.SS,600516.SS,5.81,5.56,2025-12-18,6,第6次测试支撑后反弹,沪市主板,数据不足,False,
2026-02-13,600516.SS,600516.SS,5.65,5.52,2025-12-17,8,第8次测试支撑后反弹,沪市主板,数据不足,False,
2025-11-07,600519.SS,600519.SS,1410.98,1391.43,2025-10-13,4,第4次测试支撑后反弹,沪市主板,数据不足,False,
2025-12-30,600519.SS,600519.SS,1385.0,1360.02,2025-12-10,4,第4次测试支撑后反弹,沪市主板,数据不足,False,
2026-01-27,600519.SS,600519.SS,1335.0,1360.02,2025-12-10,8,第8次测试支撑后反弹,沪市主板,数据不足,False,
2025-05-09,600521.SS,600521.SS,14.0816,13.6072,2025-04-17,4,第4次测试支撑后反弹,沪市主板,数据不足,False,
2025-11-07,600521.SS,600521.SS,18.2,18.29,2025-10-23,3,第3次测试支撑后反弹,沪市主板,数据不足,False,
2025-12-17,600521.SS,600521.SS,17.24,16.7,2025-11-21,5,第5次测试支撑后反弹,沪市主板,数据不足,False,
2026-01-21,600521.SS,600521.SS,16.77,16.69,2025-12-17,6,第6次测试支撑后反弹,沪市主板,数据不足,False,
2026-03-04,600521.SS,600521.SS,15.3,15.28,2026-02-03,4,第4次测试支撑后反弹,沪市主板,数据不足,False,
2025-05-27,600522.SS,600522.SS,12.9728,12.8847,2025-04-16,5,第5次测试支撑后反弹,沪市主板,数据不足,False,
2025-06-20,600522.SS,600522.SS,13.4623,12.8455,2025-06-03,3,第3次测试支撑后反弹,沪市主板,数据不足,False,
2025-06-16,600529.SS,600529.SS,21.0775,20.5617,2025-05-29,4,第4次测试支撑后反弹,沪市主板,数据不足,False,
2025-12-31,600529.SS,600529.SS,20.37,19.9,2025-12-05,5,第5次测试支撑后反弹,沪市主板,数据不足,False,
2025-12-10,600547.SS,600547.SS,35.78,34.05,2025-11-04,6,第6次测试支撑后反弹,沪市主板,数据不足,False,
2025-12-22,600563.SS,600563.SS,102.93,100.05,2025-12-04,4,第4次测试支撑后反弹,沪市主板,数据不足,False,
2025-04-28,600570.SS,600570.SS,25.3969,24.7094,2025-04-07,4,第4次测试支撑后反弹,沪市主板,数据不足,False,
2025-05-27,600570.SS,600570.SS,25.1478,24.7094,2025-04-07,7,第7次测试支撑后反弹,沪市主板,数据不足,False,
2025-10-22,600570.SS,600570.SS,32.2,32.09,2025-09-23,4,第4次测试支撑后反弹,沪市主板,数据不足,False,
2025-12-03,600570.SS,600570.SS,28.38,28.71,2025-11-17,3,第3次测试支撑后反弹,沪市主板,数据不足,False,
2025-12-23,600570.SS,600570.SS,29.65,28.39,2025-11-24,5,第5次测试支撑后反弹,沪市主板,数据不足,False,
2025-06-03,600580.SS,600580.SS,19.3169,18.4899,2025-04-10,6,第6次测试支撑后反弹,沪市主板,数据不足,False,
2025-12-18,600580.SS,600580.SS,40.96,38.99,2025-11-24,3,第3次测试支撑后反弹,沪市主板,数据不足,False,
2025-04-28,600584.SS,600584.SS,32.9028,31.7181,2025-04-11,4,第4次测试支撑后反弹,沪市主板,数据不足,False,
2025-06-03,600584.SS,600584.SS,32.2856,31.4593,2025-04-10,7,第7次测试支撑后反弹,沪市主板,数据不足,False,
2025-12-18,600584.SS,600584.SS,36.05,34.58,2025-11-24,4,第4次测试支撑后反弹,沪市主板,数据不足,False,
2025-11-06,600585.SS,600585.SS,23.41,22.4469,2025-09-23,6,第6次测试支撑后反弹,沪市主板,数据不足,False,
2025-12-31,600585.SS,600585.SS,22.09,21.87,2025-12-10,4,第4次测试支撑后反弹,沪市主板,数据不足,False,
2025-05-23,600588.SS,600588.SS,12.9,12.67,2025-04-08,3,第3次测试支撑后反弹,沪市主板,数据不足,False,
2025-06-20,600588.SS,600588.SS,12.3,12.72,2025-05-26,4,第4次测试支撑后反弹,沪市主板,数据不足,False,
2025-07-10,600588.SS,600588.SS,12.94,12.57,2025-06-24,3,第3次测试支撑后反弹,沪市主板,数据不足,False,
2025-11-14,600588.SS,600588.SS,14.2,13.91,2025-09-24,6,第6次测试支撑后反弹,沪市主板,数据不足,False,
2025-06-10,600637.SS,600637.SS,7.29641,7.03444,2025-04-28,7,第7次测试支撑后反弹,沪市主板,数据不足,False,
2025-07-15,600637.SS,600637.SS,7.48602,7.03444,2025-05-23,9,第9次测试支撑后反弹,沪市主板,数据不足,False,
2025-05-16,600655.SS,600655.SS,5.41592,5.28052,2025-04-16,5,第5次测试支撑后反弹,沪市主板,数据不足,False,
2025-06-10,600655.SS,600655.SS,5.54164,5.28052,2025-04-16,9,第9次测试支撑后反弹,沪市主板,数据不足,False,
2025-10-20,600655.SS,600655.SS,5.79,5.69,2025-09-29,4,第4次测试支撑后反弹,沪市主板,数据不足,False,
2025-12-31,600655.SS,600655.SS,5.18,5.01,2025-12-15,3,第3次测试支撑后反弹,沪市主板,数据不足,False,
2026-01-21,600655.SS,600655.SS,5.33,5.1,2025-12-17,6,第6次测试支撑后反弹,沪市主板,数据不足,False,
2025-08-18,600660.SS,600660.SS,57.3559,53.8513,2025-07-31,4,第4次测试支撑后反弹,沪市主板,数据不足,False,
2025-11-27,600660.SS,600660.SS,64.8,63.3,2025-10-17,6,第6次测试支撑后反弹,沪市主板,数据不足,False,
2025-12-29,600660.SS,600660.SS,63.03,61.5,2025-12-11,4,第4次测试支撑后反弹,沪市主板,数据不足,False,
2026-01-26,600660.SS,600660.SS,61.16,60.85,2025-12-22,6,第6次测试支撑后反弹,沪市主板,数据不足,False,
2025-04-29,600667.SS,600667.SS,6.26364,6.04697,2025-04-07,4,第4次测试支撑后反弹,沪市主板,数据不足,False,
2025-05-28,600667.SS,600667.SS,6.20455,6.04697,2025-04-07,8,第8次测试支撑后反弹,沪市主板,数据不足,False,
2025-12-04,600673.SS,600673.SS,20.74,20.0,2025-10-23,6,第6次测试支撑后反弹,沪市主板,数据不足,False,
2025-07-18,600674.SS,600674.SS,16.06,15.4674,2025-06-23,4,第4次测试支撑后反弹,沪市主板,数据不足,False,
2025-10-09,600674.SS,600674.SS,14.57,14.08,2025-09-19,4,第4次测试支撑后反弹,沪市主板,数据不足,False,
2026-01-16,600674.SS,600674.SS,14.12,13.85,2025-12-30,3,第3次测试支撑后反弹,沪市主板,数据不足,False,
2026-02-25,600674.SS,600674.SS,14.15,13.66,2026-02-03,3,第3次测试支撑后反弹,沪市主板,数据不足,False,
2025-05-08,600690.SS,600690.SS,24.6144,23.3154,2025-04-18,4,第4次测试支撑后反弹,沪市主板,数据不足,False,
2025-06-30,600690.SS,600690.SS,23.6593,23.0193,2025-06-13,4,第4次测试支撑后反弹,沪市主板,数据不足,False,
2025-10-29,600690.SS,600690.SS,25.9879,24.5623,2025-10-09,4,第4次测试支撑后反弹,沪市主板,数据不足,False,
2026-03-09,600690.SS,600690.SS,24.95,24.81,2026-01-29,6,第6次测试支撑后反弹,沪市主板,数据不足,False,
2025-12-15,600699.SS,600699.SS,27.07,26.01,2025-11-26,4,第4次测试支撑后反弹,沪市主板,数据不足,False,
2025-12-30,600704.SS,600704.SS,5.487,5.26083,2025-11-25,6,第6次测试支撑后反弹,沪市主板,数据不足,False,
2026-03-04,600741.SS,600741.SS,18.45,18.36,2026-02-02,4,第4次测试支撑后反弹,沪市主板,数据不足,False,
2025-12-11,600745.SS,600745.SS,38.31,37.65,2025-10-14,5,第5次测试支撑后反弹,沪市主板,数据不足,False,
2026-01-05,600745.SS,600745.SS,37.85,36.61,2025-12-17,4,第4次测试支撑后反弹,沪市主板,数据不足,False,
2025-10-29,600754.SS,600754.SS,22.18,22.0,2025-10-13,3,第3次测试支撑后反弹,沪市主板,数据不足,False,
2025-04-30,600760.SS,600760.SS,44.0476,41.3294,2025-04-09,4,第4次测试支撑后反弹,沪市主板,数据不足,False,
2026-02-02,600760.SS,600760.SS,54.2542,52.7679,2025-12-16,3,第3次测试支撑后反弹,沪市主板,数据不足,False,
2025-05-09,600763.SS,600763.SS,40.8625,39.2106,2025-04-23,3,第3次测试支撑后反弹,沪市主板,数据不足,False,
2025-06-23,600763.SS,600763.SS,40.75,39.1315,2025-04-25,10,第10次测试支撑后反弹,沪市主板,数据不足,False,
2025-11-06,600763.SS,600763.SS,42.43,41.7,2025-10-20,3,第3次测试支撑后反弹,沪市主板,数据不足,False,
2025-12-30,600763.SS,600763.SS,40.25,40.09,2025-12-12,4,第4次测试支撑后反弹,沪市主板,数据不足,False,
2025-04-29,600765.SS,600765.SS,14.9477,14.243,2025-04-07,2,第2次测试支撑后反弹,沪市主板,数据不足,False,
2025-09-26,600765.SS,600765.SS,15.94,15.69,2025-09-04,4,第4次测试支撑后反弹,沪市主板,数据不足,False,
2025-10-22,600765.SS,600765.SS,15.9,15.46,2025-09-23,5,第5次测试支撑后反弹,沪市主板,数据不足,False,
2025-11-21,600765.SS,600765.SS,16.05,15.6,2025-11-05,3,第3次测试支撑后反弹,沪市主板,数据不足,False,
2026-02-13,600795.SS,600795.SS,4.65,4.53,2026-01-29,3,第3次测试支撑后反弹,沪市主板,数据不足,False,
2025-04-18,600803.SS,600803.SS,18.1185,17.452,2025-02-17,9,第9次测试支撑后反弹,沪市主板,数据不足,False,
2025-09-30,600803.SS,600803.SS,17.7967,17.7471,2025-09-05,4,第4次测试支撑后反弹,沪市主板,数据不足,False,
2025-10-28,600803.SS,600803.SS,18.33,17.757,2025-09-19,7,第7次测试支撑后反弹,沪市主板,数据不足,False,
2026-02-02,600803.SS,600803.SS,19.23,19.21,2026-01-16,4,第4次测试支撑后反弹,沪市主板,数据不足,False,
2026-02-26,600803.SS,600803.SS,19.87,19.09,2026-02-03,3,第3次测试支撑后反弹,沪市主板,数据不足,False,
2025-05-12,600816.SS,600816.SS,2.73,2.67,2025-04-16,5,第5次测试支撑后反弹,沪市主板,数据不足,False,
2025-06-03,600816.SS,600816.SS,2.75,2.61,2025-04-07,9,第9次测试支撑后反弹,沪市主板,数据不足,False,
2026-01-05,600816.SS,600816.SS,2.84,2.79,2025-12-17,4,第4次测试支撑后反弹,沪市主板,数据不足,False,
2026-02-02,600816.SS,600816.SS,2.83,2.79,2025-12-17,8,第8次测试支撑后反弹,沪市主板,数据不足,False,
2026-02-26,600816.SS,600816.SS,2.85,2.8,2026-02-02,3,第3次测试支撑后反弹,沪市主板,数据不足,False,
2025-05-27,600820.SS,600820.SS,5.73767,5.54642,2025-04-08,8,第8次测试支撑后反弹,沪市主板,数据不足,False,
2025-10-17,600820.SS,600820.SS,6.63482,6.25908,2025-09-29,3,第3次测试支撑后反弹,沪市主板,数据不足,False,
2025-11-27,600820.SS,600820.SS,6.34,6.25908,2025-09-29,7,第7次测试支撑后反弹,沪市主板,数据不足,False,
2025-07-10,600839.SS,600839.SS,9.68212,9.26418,2025-06-19,4,第4次测试支撑后反弹,沪市主板,数据不足,False,
2025-08-04,600839.SS,600839.SS,9.78,9.41344,2025-06-18,8,第8次测试支撑后反弹,沪市主板,数据不足,False,
2025-11-14,600839.SS,600839.SS,10.01,9.86,2025-10-21,4,第4次测试支撑后反弹,沪市主板,数据不足,False,
2025-04-28,600845.SS,600845.SS,25.3339,24.953,2025-04-08,4,第4次测试支撑后反弹,沪市主板,数据不足,False,
2025-05-28,600845.SS,600845.SS,24.455,24.8554,2025-04-29,5,第5次测试支撑后反弹,沪市主板,数据不足,False,
2025-07-11,600845.SS,600845.SS,23.69,22.93,2025-06-24,3,第3次测试支撑后反弹,沪市主板,数据不足,False,
2025-09-29,600845.SS,600845.SS,23.22,23.19,2025-09-04,5,第5次测试支撑后反弹,沪市主板,数据不足,False,
2025-10-30,600845.SS,600845.SS,23.04,22.35,2025-09-23,6,第6次测试支撑后反弹,沪市主板,数据不足,False,
2025-07-16,600859.SS,600859.SS,13.64,13.1038,2025-06-23,4,第4次测试支撑后反弹,沪市主板,数据不足,False,
2025-10-28,600859.SS,600859.SS,13.87,13.62,2025-10-13,3,第3次测试支撑后反弹,沪市主板,数据不足,False,
2025-11-21,600859.SS,600859.SS,14.09,13.75,2025-10-28,3,第3次测试支撑后反弹,沪市主板,数据不足,False,
2025-12-12,600859.SS,600859.SS,14.38,13.83,2025-10-30,7,第7次测试支撑后反弹,沪市主板,数据不足,False,
2026-02-02,600859.SS,600859.SS,14.34,14.12,2025-12-15,3,第3次测试支撑后反弹,沪市主板,数据不足,False,
2025-04-29,600862.SS,600862.SS,22.5671,21.8644,2025-04-09,4,第4次测试支撑后反弹,沪市主板,数据不足,False,
2025-10-22,600862.SS,600862.SS,22.88,22.48,2025-09-23,5,第5次测试支撑后反弹,沪市主板,数据不足,False,
2025-12-16,600862.SS,600862.SS,21.01,20.73,2025-11-28,4,第4次测试支撑后反弹,沪市主板,数据不足,False,
2025-04-30,600864.SS,600864.SS,5.65305,5.46461,2025-04-08,4,第4次测试支撑后反弹,沪市主板,数据不足,False,
2025-06-20,600864.SS,600864.SS,5.55387,5.59354,2025-06-03,3,第3次测试支撑后反弹,沪市主板,数据不足,False,
2025-12-31,600864.SS,600864.SS,6.71,6.64,2025-12-04,5,第5次测试支撑后反弹,沪市主板,数据不足,False,
2026-02-13,600864.SS,600864.SS,6.48,6.46,2026-01-27,3,第3次测试支撑后反弹,沪市主板,数据不足,False,
2026-03-05,600864.SS,600864.SS,6.25,6.38,2026-02-03,4,第4次测试支撑后反弹,沪市主板,数据不足,False,
2025-04-23,600867.SS,600867.SS,7.2212,6.89209,2025-04-08,3,第3次测试支撑后反弹,沪市主板,数据不足,False,
2026-01-16,600867.SS,600867.SS,8.64,8.26,2025-12-25,4,第4次测试支撑后反弹,沪市主板,数据不足,False,
2025-04-30,600879.SS,600879.SS,8.35281,7.97494,2025-04-09,3,第3次测试支撑后反弹,沪市主板,数据不足,False,
2025-05-19,600885.SS,600885.SS,22.817,21.8965,2025-04-16,5,第5次测试支撑后反弹,沪市主板,数据不足,False,
2025-07-17,600886.SS,600886.SS,14.5114,14.2105,2025-06-23,4,第4次测试支撑后反弹,沪市主板,数据不足,False,
2025-10-09,600886.SS,600886.SS,13.48,13.0,2025-09-22,3,第3次测试支撑后反弹,沪市主板,数据不足,False,
2026-01-16,600886.SS,600886.SS,13.38,13.08,2025-12-31,3,第3次测试支撑后反弹,沪市主板,数据不足,False,
2026-02-25,600886.SS,600886.SS,13.1,12.7,2026-01-29,4,第4次测试支撑后反弹,沪市主板,数据不足,False,
2025-07-15,600887.SS,600887.SS,27.0834,26.9457,2025-06-23,4,第4次测试支撑后反弹,沪市主板,数据不足,False,
2025-08-22,600887.SS,600887.SS,27.6243,26.7392,2025-07-07,7,第7次测试支撑后反弹,沪市主板,数据不足,False,
2025-11-06,600887.SS,600887.SS,26.8474,26.3556,2025-09-26,6,第6次测试支撑后反弹,沪市主板,数据不足,False,
2026-03-04,600887.SS,600887.SS,25.62,25.8,2026-01-29,5,第5次测试支撑后反弹,沪市主板,数据不足,False,
2025-04-30,600893.SS,600893.SS,33.9089,31.5652,2025-04-08,3,第3次测试支撑后反弹,沪市主板,数据不足,False,
2025-12-11,600893.SS,600893.SS,36.88,36.21,2025-11-21,4,第4次测试支撑后反弹,沪市主板,数据不足,False,
2025-12-22,600895.SS,600895.SS,39.06,37.58,2025-11-21,5,第5次测试支撑后反弹,沪市主板,数据不足,False,
2025-04-07,600900.SS,600900.SS,27.3545,26.1155,2025-03-04,6,第6次测试支撑后反弹,沪市主板,数据不足,False,
2026-02-26,600900.SS,600900.SS,26.12,25.1787,2026-01-29,4,第4次测试支撑后反弹,沪市主板,数据不足,False,
2025-07-18,600905.SS,600905.SS,4.30191,4.15425,2025-06-19,5,第5次测试支撑后反弹,沪市主板,数据不足,False,
2025-09-30,600905.SS,600905.SS,4.26,4.21,2025-09-04,5,第5次测试支撑后反弹,沪市主板,数据不足,False,
2025-10-28,600905.SS,600905.SS,4.3,4.21,2025-09-04,9,第9次测试支撑后反弹,沪市主板,数据不足,False,
2026-02-26,600905.SS,600905.SS,4.15,4.06,2026-02-03,3,第3次测试支撑后反弹,沪市主板,数据不足,False,
2025-04-11,600938.SS,600938.SS,23.5394,23.1582,2025-03-06,5,第5次测试支撑后反弹,沪市主板,数据不足,False,
2025-05-12,600938.SS,600938.SS,24.0445,23.1201,2025-04-14,5,第5次测试支撑后反弹,沪市主板,数据不足,False,
2025-08-29,600938.SS,600938.SS,25.354,24.7021,2025-07-07,8,第8次测试支撑后反弹,沪市主板,数据不足,False,
2025-09-30,600938.SS,600938.SS,25.7341,24.7691,2025-09-04,5,第5次测试支撑后反弹,沪市主板,数据不足,False,
2025-10-20,600938.SS,600938.SS,26.21,24.7691,2025-09-04,8,第8次测试支撑后反弹,沪市主板,数据不足,False,
2025-04-07,600941.SS,600941.SS,103.477,100.229,2025-03-20,4,第4次测试支撑后反弹,沪市主板,数据不足,False,
2025-04-17,600989.SS,600989.SS,14.4766,13.7599,2025-04-01,3,第3次测试支撑后反弹,沪市主板,数据不足,False,
2025-10-20,600998.SS,600998.SS,4.97,4.81,2025-09-29,4,第4次测试支撑后反弹,沪市主板,数据不足,False,
2025-11-28,600998.SS,600998.SS,4.97,4.81,2025-09-29,7,第7次测试支撑后反弹,沪市主板,数据不足,False,
2025-05-08,601000.SS,601000.SS,3.92657,3.81221,2025-03-10,7,第7次测试支撑后反弹,沪市主板,数据不足,False,
2025-10-10,601000.SS,601000.SS,3.89,3.77,2025-09-23,3,第3次测试支撑后反弹,沪市主板,数据不足,False,
2025-12-31,601000.SS,601000.SS,3.85,3.78,2025-12-12,4,第4次测试支撑后反弹,沪市主板,数据不足,False,
2026-02-03,601006.SS,601006.SS,4.99,4.95,2026-01-19,3,第3次测试支撑后反弹,沪市主板,数据不足,False,
2025-04-30,601012.SS,601012.SS,14.82,14.25,2025-04-08,4,第4次测试支撑后反弹,沪市主板,数据不足,False,
2025-06-23,601012.SS,601012.SS,14.55,14.24,2025-06-03,4,第4次测试支撑后反弹,沪市主板,数据不足,False,
2026-01-09,601012.SS,601012.SS,18.1,17.77,2025-12-24,3,第3次测试支撑后反弹,沪市主板,数据不足,False,
2026-02-03,601012.SS,601012.SS,18.4,17.44,2025-12-17,7,第7次测试支撑后反弹,沪市主板,数据不足,False,
2026-03-05,601012.SS,601012.SS,18.01,17.3,2026-01-20,6,第6次测试支撑后反弹,沪市主板,数据不足,False,
2025-09-19,601018.SS,601018.SS,3.68124,3.54233,2025-08-28,4,第4次测试支撑后反弹,沪市主板,数据不足,False,
2026-01-22,601018.SS,601018.SS,3.69,3.62,2025-12-15,6,第6次测试支撑后反弹,沪市主板,数据不足,False,
2025-09-04,601021.SS,601021.SS,52.3726,51.2617,2025-08-01,6,第6次测试支撑后反弹,沪市主板,数据不足,False,
2025-10-13,601021.SS,601021.SS,51.7675,51.1129,2025-09-04,6,第6次测试支撑后反弹,沪市主板,数据不足,False,
2025-12-12,601021.SS,601021.SS,52.59,51.1823,2025-10-13,5,第5次测试支撑后反弹,沪市主板,数据不足,False,
2025-04-22,601058.SS,601058.SS,11.9036,11.408,2025-04-07,3,第3次测试支撑后反弹,沪市主板,数据不足,False,
2026-02-02,601058.SS,601058.SS,15.7,15.29,2026-01-14,4,第4次测试支撑后反弹,沪市主板,数据不足,False,
2025-09-15,601088.SS,601088.SS,37.471,36.1415,2025-07-17,10,第10次测试支撑后反弹,沪市主板,数据不足,False,
2026-01-07,601088.SS,601088.SS,41.4,39.52,2025-12-16,4,第4次测试支撑后反弹,沪市主板,数据不足,False,
2026-02-02,601088.SS,601088.SS,39.65,39.52,2025-12-16,8,第8次测试支撑后反弹,沪市主板,数据不足,False,
2025-06-03,601100.SS,601100.SS,65.7611,66.1064,2025-04-17,6,第6次测试支撑后反弹,沪市主板,数据不足,False,
2025-06-23,601100.SS,601100.SS,66.1459,65.3171,2025-06-05,4,第4次测试支撑后反弹,沪市主板,数据不足,False,
2025-04-08,601111.SS,601111.SS,6.92,6.81,2025-02-19,4,第4次测试支撑后反弹,沪市主板,数据不足,False,
2025-08-22,601111.SS,601111.SS,7.53,7.17,2025-08-04,3,第3次测试支撑后反弹,沪市主板,数据不足,False,
2025-10-20,601117.SS,601117.SS,7.43644,7.18922,2025-09-23,5,第5次测试支撑后反弹,沪市主板,数据不足,False,
2025-12-31,601117.SS,601117.SS,7.46611,7.31778,2025-11-28,6,第6次测试支撑后反弹,沪市主板,数据不足,False,
2025-08-15,601127.SS,601127.SS,128.167,126.51,2025-07-31,3,第3次测试支撑后反弹,沪市主板,数据不足,False,
2025-12-15,601127.SS,601127.SS,122.0,122.37,2025-11-24,4,第4次测试支撑后反弹,沪市主板,数据不足,False,
2026-01-05,601127.SS,601127.SS,121.35,118.51,2025-12-12,5,第5次测试支撑后反弹,沪市主板,数据不足,False,
2025-05-28,601155.SS,601155.SS,12.5,12.08,2025-04-01,6,第6次测试支撑后反弹,沪市主板,数据不足,False,
2025-11-03,601155.SS,601155.SS,14.07,13.65,2025-09-04,4,第4次测试支撑后反弹,沪市主板,数据不足,False,
2025-12-18,601155.SS,601155.SS,13.9,13.6,2025-11-10,6,第6次测试支撑后反弹,沪市主板,数据不足,False,
2025-10-10,601166.SS,601166.SS,19.0771,19.3587,2025-09-23,3,第3次测试支撑后反弹,沪市主板,数据不足,False,
2025-10-30,601166.SS,601166.SS,19.6985,18.7859,2025-10-13,3,第3次测试支撑后反弹,沪市主板,数据不足,False,
2026-03-04,601166.SS,601166.SS,18.4,17.815,2026-01-29,5,第5次测试支撑后反弹,沪市主板,数据不足,False,
2025-04-22,601179.SS,601179.SS,6.14319,6.05415,2025-04-07,3,第3次测试支撑后反弹,沪市主板,数据不足,False,
2025-05-27,601179.SS,601179.SS,6.17286,6.01458,2025-04-08,8,第8次测试支撑后反弹,沪市主板,数据不足,False,
2025-07-04,601179.SS,601179.SS,6.09372,5.95523,2025-06-19,3,第3次测试支撑后反弹,沪市主板,数据不足,False,
2025-06-20,601186.SS,601186.SS,7.56841,7.52979,2025-04-30,8,第8次测试支撑后反弹,沪市主板,数据不足,False,
2026-02-13,601186.SS,601186.SS,7.22,7.21,2026-01-29,3,第3次测试支撑后反弹,沪市主板,数据不足,False,
2026-03-09,601186.SS,601186.SS,7.27,7.12,2026-02-02,5,第5次测试支撑后反弹,沪市主板,数据不足,False,
2025-10-13,601211.SS,601211.SS,18.691,18.2644,2025-09-23,3,第3次测试支撑后反弹,沪市主板,数据不足,False,
2025-11-27,601211.SS,601211.SS,19.21,18.314,2025-10-23,4,第4次测试支撑后反弹,沪市主板,数据不足,False,
2025-09-23,601216.SS,601216.SS,5.19,5.2,2025-09-04,4,第4次测试支撑后反弹,沪市主板,数据不足,False,
2025-11-06,601216.SS,601216.SS,5.34,5.08,2025-09-23,7,第7次测试支撑后反弹,沪市主板,数据不足,False,
2025-12-31,601216.SS,601216.SS,4.85,4.67,2025-12-10,4,第4次测试支撑后反弹,沪市主板,数据不足,False,
2025-04-10,601225.SS,601225.SS,18.0179,17.6406,2025-03-04,4,第4次测试支撑后反弹,沪市主板,数据不足,False,
2026-01-23,601225.SS,601225.SS,21.41,21.1,2025-12-31,4,第4次测试支撑后反弹,沪市主板,数据不足,False,
2025-04-28,601238.SS,601238.SS,7.79915,7.78917,2025-04-11,4,第4次测试支撑后反弹,沪市主板,数据不足,False,
2025-07-14,601238.SS,601238.SS,7.52,7.31045,2025-06-23,4,第4次测试支撑后反弹,沪市主板,数据不足,False,
2025-08-14,601238.SS,601238.SS,7.57,7.31045,2025-06-23,8,第8次测试支撑后反弹,沪市主板,数据不足,False,
2025-09-04,601238.SS,601238.SS,7.63,7.41,2025-07-15,8,第8次测试支撑后反弹,沪市主板,数据不足,False,
2025-10-13,601238.SS,601238.SS,7.81,7.49,2025-08-14,9,第9次测试支撑后反弹,沪市主板,数据不足,False,
2025-11-05,601238.SS,601238.SS,7.85,7.48,2025-09-29,6,第6次测试支撑后反弹,沪市主板,数据不足,False,
2026-01-09,601288.SS,601288.SS,7.5,7.32,2025-12-17,4,第4次测试支撑后反弹,沪市主板,数据不足,False,
2026-03-02,601288.SS,601288.SS,6.46,6.51,2026-02-13,3,第3次测试支撑后反弹,沪市主板,数据不足,False,
2025-05-06,601318.SS,601318.SS,48.7578,47.0373,2025-04-10,5,第5次测试支撑后反弹,沪市主板,数据不足,False,
2025-10-13,601318.SS,601318.SS,54.6813,53.7761,2025-09-26,2,第2次测试支撑后反弹,沪市主板,数据不足,False,
2025-04-10,601319.SS,601319.SS,6.50896,6.40146,2025-03-11,4,第4次测试支撑后反弹,沪市主板,数据不足,False,
2025-10-10,601319.SS,601319.SS,7.9195,7.60232,2025-09-25,3,第3次测试支撑后反弹,沪市主板,数据不足,False,
2025-04-10,601328.SS,601328.SS,7.04801,6.73328,2025-03-11,5,第5次测试支撑后反弹,沪市主板,数据不足,False,
2025-10-13,601328.SS,601328.SS,6.55772,6.60665,2025-09-23,3,第3次测试支撑后反弹,沪市主板,数据不足,False,
2026-02-27,601328.SS,601328.SS,6.59,6.48,2026-01-29,4,第4次测试支撑后反弹,沪市主板,数据不足,False,
2025-04-28,601360.SS,601360.SS,9.77451,9.56842,2025-04-10,4,第4次测试支撑后反弹,沪市主板,数据不足,False,
2025-05-28,601360.SS,601360.SS,9.78432,9.56842,2025-04-10,8,第8次测试支撑后反弹,沪市主板,数据不足,False,
2025-10-28,601360.SS,601360.SS,10.59,10.3164,2025-09-05,7,第7次测试支撑后反弹,沪市主板,数据不足,False,
2025-05-09,601390.SS,601390.SS,5.38362,5.24044,2025-04-09,5,第5次测试支撑后反弹,沪市主板,数据不足,False,
2026-01-05,601390.SS,601390.SS,5.51,5.26965,2025-12-17,4,第4次测试支撑后反弹,沪市主板,数据不足,False,
2026-02-03,601390.SS,601390.SS,5.58,5.26965,2025-12-17,8,第8次测试支撑后反弹,沪市主板,数据不足,False,
2025-09-19,601398.SS,601398.SS,7.03297,7.1312,2025-09-04,3,第3次测试支撑后反弹,沪市主板,数据不足,False,
2025-10-10,601398.SS,601398.SS,7.1312,6.99368,2025-09-19,4,第4次测试支撑后反弹,沪市主板,数据不足,False,
2025-04-17,601567.SS,601567.SS,24.2027,23.9295,2025-02-19,5,第5次测试支撑后反弹,沪市主板,数据不足,False,
2025-06-23,601567.SS,601567.SS,20.85,20.1234,2025-06-03,4,第4次测试支撑后反弹,沪市主板,数据不足,False,
2025-07-18,601567.SS,601567.SS,21.5848,20.5364,2025-06-23,4,第4次测试支撑后反弹,沪市主板,数据不足,False,
2025-11-03,601567.SS,601567.SS,22.91,21.8885,2025-09-16,4,第4次测试支撑后反弹,沪市主板,数据不足,False,
2025-12-10,601567.SS,601567.SS,22.76,22.02,2025-10-31,4,第4次测试支撑后反弹,沪市主板,数据不足,False,
2025-12-31,601567.SS,601567.SS,23.52,22.04,2025-12-05,4,第4次测试支撑后反弹,沪市主板,数据不足,False,
2025-05-09,601600.SS,601600.SS,6.26453,6.11929,2025-04-16,4,第4次测试支撑后反弹,沪市主板,数据不足,False,
2025-05-30,601600.SS,601600.SS,6.41945,6.11929,2025-04-16,7,第7次测试支撑后反弹,沪市主板,数据不足,False,
2025-04-30,601601.SS,601601.SS,30.2491,28.1995,2025-04-07,3,第3次测试支撑后反弹,沪市主板,数据不足,False,
2025-10-10,601601.SS,601601.SS,35.41,34.39,2025-09-24,3,第3次测试支撑后反弹,沪市主板,数据不足,False,
2025-11-11,601601.SS,601601.SS,35.69,34.45,2025-09-26,6,第6次测试支撑后反弹,沪市主板,数据不足,False,
2025-12-03,601601.SS,601601.SS,35.2,34.25,2025-10-13,7,第7次测试支撑后反弹,沪市主板,数据不足,False,
2025-05-29,601607.SS,601607.SS,17.8729,17.3837,2025-04-08,8,第8次测试支撑后反弹,沪市主板,数据不足,False,
2025-07-08,601607.SS,601607.SS,18.0098,17.0805,2025-06-19,4,第4次测试支撑后反弹,沪市主板,数据不足,False,
2025-11-06,601607.SS,601607.SS,17.8791,17.5612,2025-09-23,7,第7次测试支撑后反弹,沪市主板,数据不足,False,
2025-05-30,601615.SS,601615.SS,9.95639,9.4211,2025-04-15,4,第4次测试支撑后反弹,沪市主板,数据不足,False,
2025-04-30,601618.SS,601618.SS,2.90601,2.75874,2025-04-08,4,第4次测试支撑后反弹,沪市主板,数据不足,False,
2025-06-23,601618.SS,601618.SS,2.88637,2.80783,2025-04-30,9,第9次测试支撑后反弹,沪市主板,数据不足,False,
2025-12-31,601618.SS,601618.SS,2.97,2.9,2025-12-15,3,第3次测试支撑后反弹,沪市主板,数据不足,False,
2025-05-06,601628.SS,601628.SS,36.7062,34.6217,2025-04-11,5,第5次测试支撑后反弹,沪市主板,数据不足,False,
2025-10-13,601628.SS,601628.SS,39.1312,37.4904,2025-09-25,3,第3次测试支撑后反弹,沪市主板,数据不足,False,
2025-04-29,601633.SS,601633.SS,22.3378,21.701,2025-04-08,4,第4次测试支撑后反弹,沪市主板,数据不足,False,
2025-07-11,601633.SS,601633.SS,21.2405,20.6527,2025-06-19,4,第4次测试支撑后反弹,沪市主板,数据不足,False,
2025-12-10,601633.SS,601633.SS,21.89,21.52,2025-11-21,4,第4次测试支撑后反弹,沪市主板,数据不足,False,
2025-10-31,601658.SS,601658.SS,5.63906,5.42405,2025-10-14,3,第3次测试支撑后反弹,沪市主板,数据不足,False,
2025-08-22,601668.SS,601668.SS,5.6,5.37901,2025-06-23,7,第7次测试支撑后反弹,沪市主板,数据不足,False,
2025-09-29,601668.SS,601668.SS,5.46,5.46,2025-08-20,7,第7次测试支撑后反弹,沪市主板,数据不足,False,
2026-03-09,601668.SS,601668.SS,5.03,4.9,2026-01-29,6,第6次测试支撑后反弹,沪市主板,数据不足,False,
2025-06-04,601669.SS,601669.SS,4.63083,4.51384,2025-04-09,9,第9次测试支撑后反弹,沪市主板,数据不足,False,
2025-10-20,601669.SS,601669.SS,5.66,5.49,2025-09-26,3,第3次测试支撑后反弹,沪市主板,数据不足,False,
2025-12-31,601669.SS,601669.SS,5.24,5.16,2025-12-16,3,第3次测试支撑后反弹,沪市主板,数据不足,False,
2025-06-17,601689.SS,601689.SS,45.1,45.8982,2025-04-21,4,第4次测试支撑后反弹,沪市主板,数据不足,False,
2025-07-10,601689.SS,601689.SS,44.4,43.69,2025-06-23,3,第3次测试支撑后反弹,沪市主板,数据不足,False,
2025-04-28,601727.SS,601727.SS,7.18,7.09,2025-04-10,4,第4次测试支撑后反弹,沪市主板,数据不足,False,
2025-05-22,601727.SS,601727.SS,7.39,7.06,2025-04-29,4,第4次测试支撑后反弹,沪市主板,数据不足,False,
2025-12-30,601727.SS,601727.SS,8.64,8.32,2025-11-21,7,第7次测试支撑后反弹,沪市主板,数据不足,False,
2026-02-05,601727.SS,601727.SS,8.68,8.35,2025-12-16,6,第6次测试支撑后反弹,沪市主板,数据不足,False,
2025-05-13,601728.SS,601728.SS,7.58185,7.28282,2025-03-26,8,第8次测试支撑后反弹,沪市主板,数据不足,False,
2025-08-15,601728.SS,601728.SS,7.15478,7.09621,2025-07-28,3,第3次测试支撑后反弹,沪市主板,数据不足,False,
2026-02-26,601728.SS,601728.SS,5.75,5.62,2026-02-04,3,第3次测试支撑后反弹,沪市主板,数据不足,False,
2025-05-06,601766.SS,601766.SS,6.81154,6.55287,2025-04-03,6,第6次测试支撑后反弹,沪市主板,数据不足,False,
2025-12-31,601766.SS,601766.SS,6.94,6.71,2025-12-16,3,第3次测试支撑后反弹,沪市主板,数据不足,False,
2026-02-13,601766.SS,601766.SS,6.37,6.22,2026-01-29,3,第3次测试支撑后反弹,沪市主板,数据不足,False,
2026-03-09,601766.SS,601766.SS,6.28,6.22,2026-01-29,6,第6次测试支撑后反弹,沪市主板,数据不足,False,
2025-04-17,601799.SS,601799.SS,121.543,118.833,2025-02-24,6,第6次测试支撑后反弹,沪市主板,数据不足,False,
2025-08-04,601799.SS,601799.SS,119.088,118.609,2025-07-18,4,第4次测试支撑后反弹,沪市主板,数据不足,False,
2025-09-04,601799.SS,601799.SS,116.812,117.69,2025-08-04,5,第5次测试支撑后反弹,沪市主板,数据不足,False,
2025-09-24,601799.SS,601799.SS,122.043,116.313,2025-09-04,4,第4次测试支撑后反弹,沪市主板,数据不足,False,
2025-12-30,601799.SS,601799.SS,123.29,120.01,2025-11-28,6,第6次测试支撑后反弹,沪市主板,数据不足,False,
2026-01-21,601799.SS,601799.SS,121.55,118.47,2025-12-02,8,第8次测试支撑后反弹,沪市主板,数据不足,False,
2025-06-20,601800.SS,601800.SS,8.38361,8.33521,2025-05-26,4,第4次测试支撑后反弹,沪市主板,数据不足,False,
2025-10-20,601800.SS,601800.SS,8.62758,8.4501,2025-09-29,4,第4次测试支撑后反弹,沪市主板,数据不足,False,
2026-01-09,601800.SS,601800.SS,8.43,8.105,2025-12-17,4,第4次测试支撑后反弹,沪市主板,数据不足,False,
2026-02-02,601800.SS,601800.SS,8.07,8.08528,2026-01-05,5,第5次测试支撑后反弹,沪市主板,数据不足,False,
2026-03-04,601800.SS,601800.SS,7.95,7.98,2026-02-02,4,第4次测试支撑后反弹,沪市主板,数据不足,False,
2025-12-16,601816.SS,601816.SS,5.12,5.04,2025-11-27,4,第4次测试支撑后反弹,沪市主板,数据不足,False,
2026-02-26,601816.SS,601816.SS,4.93,4.82,2026-02-03,3,第3次测试支撑后反弹,沪市主板,数据不足,False,
2025-04-11,601857.SS,601857.SS,7.27562,7.16193,2025-03-06,5,第5次测试支撑后反弹,沪市主板,数据不足,False,
2025-09-01,601857.SS,601857.SS,8.53694,8.18611,2025-08-04,5,第5次测试支撑后反弹,沪市主板,数据不足,False,
2025-10-16,601857.SS,601857.SS,8.4,8.05,2025-09-23,4,第4次测试支撑后反弹,沪市主板,数据不足,False,
2025-04-30,601866.SS,601866.SS,2.25332,2.19428,2025-04-15,3,第3次测试支撑后反弹,沪市主板,数据不足,False,
2025-09-29,601866.SS,601866.SS,2.54,2.42878,2025-08-04,8,第8次测试支撑后反弹,沪市主板,数据不足,False,
2026-01-16,601866.SS,601866.SS,2.55,2.45,2025-12-15,5,第5次测试支撑后反弹,沪市主板,数据不足,False,
2025-10-17,601868.SS,601868.SS,2.46,2.37,2025-09-04,7,第7次测试支撑后反弹,沪市主板,数据不足,False,
2026-01-15,601868.SS,601868.SS,2.39,2.31,2025-12-17,5,第5次测试支撑后反弹,沪市主板,数据不足,False,
2026-02-13,601868.SS,601868.SS,2.41,2.32,2025-12-16,9,第9次测试支撑后反弹,沪市主板,数据不足,False,
2025-04-24,601872.SS,601872.SS,5.81141,5.55959,2025-04-08,3,第3次测试支撑后反弹,沪市主板,数据不足,False,
2025-12-11,601872.SS,601872.SS,8.26,8.14,2025-11-05,5,第5次测试支撑后反弹,沪市主板,数据不足,False,
2025-12-10,601877.SS,601877.SS,27.95,26.94,2025-11-24,3,第3次测试支撑后反弹,沪市主板,数据不足,False,
2025-12-31,601877.SS,601877.SS,27.99,26.94,2025-11-24,6,第6次测试支撑后反弹,沪市主板,数据不足,False,
2025-04-30,601880.SS,601880.SS,1.44762,1.39838,2025-04-09,4,第4次测试支撑后反弹,沪市主板,数据不足,False,
2025-12-31,601880.SS,601880.SS,1.61,1.58,2025-12-10,4,第4次测试支撑后反弹,沪市主板,数据不足,False,
2026-01-21,601880.SS,601880.SS,1.66,1.58,2025-12-10,7,第7次测试支撑后反弹,沪市主板,数据不足,False,
2026-02-13,601880.SS,601880.SS,1.66,1.58,2025-12-16,9,第9次测试支撑后反弹,沪市主板,数据不足,False,
2025-07-16,601888.SS,601888.SS,61.5257,59.1213,2025-06-13,6,第6次测试支撑后反弹,沪市主板,数据不足,False,
2025-04-08,601899.SS,601899.SS,16.1871,15.0134,2025-02-28,4,第4次测试支撑后反弹,沪市主板,数据不足,False,
2025-04-09,601919.SS,601919.SS,12.7027,12.1347,2025-03-04,4,第4次测试支撑后反弹,沪市主板,数据不足,False,
2025-08-19,601919.SS,601919.SS,14.9714,14.3071,2025-06-25,9,第9次测试支撑后反弹,沪市主板,数据不足,False,
2025-10-10,601919.SS,601919.SS,14.0471,13.7968,2025-09-23,3,第3次测试支撑后反弹,沪市主板,数据不足,False,
2026-02-03,601919.SS,601919.SS,14.24,14.35,2026-01-19,3,第3次测试支撑后反弹,沪市主板,数据不足,False,
2025-04-30,601966.SS,601966.SS,14.4876,14.006,2025-04-09,4,第4次测试支撑后反弹,沪市主板,数据不足,False,
2025-06-09,601966.SS,601966.SS,14.5073,13.888,2025-04-29,7,第7次测试支撑后反弹,沪市主板,数据不足,False,
2026-01-15,601966.SS,601966.SS,14.97,14.5061,2025-11-28,8,第8次测试支撑后反弹,沪市主板,数据不足,False,
2025-05-16,601985.SS,601985.SS,9.33684,8.97396,2025-04-10,6,第6次测试支撑后反弹,沪市主板,数据不足,False,
2025-09-25,601985.SS,601985.SS,8.6213,8.64126,2025-09-04,4,第4次测试支撑后反弹,沪市主板,数据不足,False,
2026-01-05,601985.SS,601985.SS,8.75102,8.54147,2025-11-28,7,第7次测试支撑后反弹,沪市主板,数据不足,False,
2026-02-27,601985.SS,601985.SS,8.67,8.5,2026-02-03,3,第3次测试支撑后反弹,沪市主板,数据不足,False,
2025-08-15,601988.SS,601988.SS,5.34631,5.16973,2025-06-16,5,第5次测试支撑后反弹,沪市主板,数据不足,False,
2026-02-27,601988.SS,601988.SS,5.3,5.23,2026-01-26,4,第4次测试支撑后反弹,沪市主板,数据不足,False,
2025-04-29,603019.SS,603019.SS,63.6418,59.7021,2025-04-09,3,第3次测试支撑后反弹,沪市主板,数据不足,False,
2025-12-31,603019.SS,603019.SS,85.7503,82.2332,2025-12-16,3,第3次测试支撑后反弹,沪市主板,数据不足,False,
2026-02-05,603019.SS,603019.SS,90.0,82.8827,2025-12-17,5,第5次测试支撑后反弹,沪市主板,数据不足,False,
2025-04-30,603077.SS,603077.SS,1.73,1.65,2025-04-07,4,第4次测试支撑后反弹,沪市主板,数据不足,False,
2025-05-23,603077.SS,603077.SS,1.74,1.68,2025-04-29,4,第4次测试支撑后反弹,沪市主板,数据不足,False,
2025-12-10,603087.SS,603087.SS,64.88,60.76,2025-11-24,3,第3次测试支撑后反弹,沪市主板,数据不足,False,
2025-11-21,603259.SS,603259.SS,93.0,92.13,2025-11-05,3,第3次测试支撑后反弹,沪市主板,数据不足,False,
2025-12-17,603259.SS,603259.SS,91.0,89.19,2025-12-02,3,第3次测试支撑后反弹,沪市主板,数据不足,False,
2025-06-30,603260.SS,603260.SS,46.1141,44.9342,2025-06-13,4,第4次测试支撑后反弹,沪市主板,数据不足,False,
2025-10-13,603260.SS,603260.SS,49.75,47.9,2025-09-23,3,第3次测试支撑后反弹,沪市主板,数据不足,False,
2025-11-06,603260.SS,603260.SS,50.04,47.47,2025-10-22,3,第3次测试支撑后反弹,沪市主板,数据不足,False,
2026-02-24,603260.SS,603260.SS,50.5,47.11,2026-02-02,3,第3次测试支撑后反弹,沪市主板,数据不足,False,
2025-12-31,603288.SS,603288.SS,36.8961,35.656,2025-12-12,4,第4次测试支撑后反弹,沪市主板,数据不足,False,
2026-01-27,603288.SS,603288.SS,34.5746,35.656,2025-12-12,8,第8次测试支撑后反弹,沪市主板,数据不足,False,
2026-03-04,603288.SS,603288.SS,36.0,34.5547,2026-01-29,5,第5次测试支撑后反弹,沪市主板,数据不足,False,
2025-05-08,603392.SS,603392.SS,64.73,63.6,2025-04-09,5,第5次测试支撑后反弹,沪市主板,数据不足,False,
2025-07-22,603392.SS,603392.SS,59.93,58.5,2025-07-02,4,第4次测试支撑后反弹,沪市主板,数据不足,False,
2025-09-04,603392.SS,603392.SS,57.73,54.24,2025-08-15,3,第3次测试支撑后反弹,沪市主板,数据不足,False,
2025-09-29,603392.SS,603392.SS,56.37,54.24,2025-08-15,5,第5次测试支撑后反弹,沪市主板,数据不足,False,
2025-10-24,603392.SS,603392.SS,54.7,54.85,2025-09-29,4,第4次测试支撑后反弹,沪市主板,数据不足,False,
2025-12-31,603392.SS,603392.SS,44.92,45.69,2025-12-05,5,第5次测试支撑后反弹,沪市主板,数据不足,False,
2026-01-22,603392.SS,603392.SS,44.3,44.66,2026-01-05,3,第3次测试支撑后反弹,沪市主板,数据不足,False,
2025-12-11,603486.SS,603486.SS,77.25,77.7,2025-11-21,4,第4次测试支撑后反弹,沪市主板,数据不足,False,
2025-05-30,603501.SS,603501.SS,124.004,120.513,2025-04-24,4,第4次测试支撑后反弹,沪市主板,数据不足,False,
2025-06-23,603501.SS,603501.SS,126.223,120.513,2025-04-24,8,第8次测试支撑后反弹,沪市主板,数据不足,False,
2026-02-24,603501.SS,603501.SS,118.1,115.61,2026-02-06,3,第3次测试支撑后反弹,沪市主板,数据不足,False,
2025-04-09,603568.SS,603568.SS,18.6839,18.2351,2025-03-05,3,第3次测试支撑后反弹,沪市主板,数据不足,False,
2025-09-04,603568.SS,603568.SS,19.23,18.81,2025-08-15,4,第4次测试支撑后反弹,沪市主板,数据不足,False,
2025-09-25,603568.SS,603568.SS,19.32,18.81,2025-08-15,7,第7次测试支撑后反弹,沪市主板,数据不足,False,
2025-07-22,603596.SS,603596.SS,50.14,48.82,2025-07-07,3,第3次测试支撑后反弹,沪市主板,数据不足,False,
2025-09-02,603596.SS,603596.SS,46.29,46.69,2025-08-01,3,第3次测试支撑后反弹,沪市主板,数据不足,False,
2025-10-14,603596.SS,603596.SS,46.76,45.29,2025-09-02,3,第3次测试支撑后反弹,沪市主板,数据不足,False,
2025-12-09,603596.SS,603596.SS,44.52,43.22,2025-11-24,3,第3次测试支撑后反弹,沪市主板,数据不足,False,
2025-04-23,603605.SS,603605.SS,81.4786,72.7941,2025-04-07,3,第3次测试支撑后反弹,沪市主板,数据不足,False,
2025-07-22,603605.SS,603605.SS,81.8137,79.2199,2025-06-23,5,第5次测试支撑后反弹,沪市主板,数据不足,False,
2025-08-14,603605.SS,603605.SS,82.2196,79.2199,2025-06-23,8,第8次测试支撑后反弹,沪市主板,数据不足,False,
2025-09-04,603605.SS,603605.SS,82.0711,79.8337,2025-07-07,9,第9次测试支撑后反弹,沪市主板,数据不足,False,
2025-12-30,603605.SS,603605.SS,68.48,66.68,2025-12-15,3,第3次测试支撑后反弹,沪市主板,数据不足,False,
2026-01-08,603606.SS,603606.SS,59.39,56.42,2025-12-10,4,第4次测试支撑后反弹,沪市主板,数据不足,False,
2026-02-24,603606.SS,603606.SS,57.76,54.39,2026-01-30,4,第4次测试支撑后反弹,沪市主板,数据不足,False,
2025-04-25,603650.SS,603650.SS,30.9056,29.832,2025-04-10,3,第3次测试支撑后反弹,沪市主板,数据不足,False,
2025-12-16,603659.SS,603659.SS,25.6,25.57,2025-10-23,7,第7次测试支撑后反弹,沪市主板,数据不足,False,
2025-04-24,603806.SS,603806.SS,11.7443,11.6562,2025-04-09,3,第3次测试支撑后反弹,沪市主板,数据不足,False,
2025-06-05,603806.SS,603806.SS,11.9696,11.4995,2025-04-25,5,第5次测试支撑后反弹,沪市主板,数据不足,False,
2025-12-11,603806.SS,603806.SS,13.57,13.66,2025-11-24,3,第3次测试支撑后反弹,沪市主板,数据不足,False,
2025-12-12,603816.SS,603816.SS,29.8,29.3,2025-10-13,9,第9次测试支撑后反弹,沪市主板,数据不足,False,
2025-07-07,603833.SS,603833.SS,52.5857,50.7876,2025-06-20,4,第4次测试支撑后反弹,沪市主板,数据不足,False,
2025-08-01,603833.SS,603833.SS,50.3397,50.7876,2025-06-20,6,第6次测试支撑后反弹,沪市主板,数据不足,False,
2025-08-21,603833.SS,603833.SS,53.0261,50.3104,2025-07-31,4,第4次测试支撑后反弹,沪市主板,数据不足,False,
2025-11-19,603833.SS,603833.SS,51.2873,50.408,2025-11-04,3,第3次测试支撑后反弹,沪市主板,数据不足,False,
2025-12-15,603833.SS,603833.SS,50.496,50.1834,2025-11-10,6,第6次测试支撑后反弹,沪市主板,数据不足,False,
2026-01-07,603833.SS,603833.SS,51.297,49.8219,2025-12-16,4,第4次测试支撑后反弹,沪市主板,数据不足,False,
2025-04-29,603885.SS,603885.SS,12.4498,12.0129,2025-04-08,4,第4次测试支撑后反弹,沪市主板,数据不足,False,
2025-09-03,603885.SS,603885.SS,12.22,12.17,2025-07-31,6,第6次测试支撑后反弹,沪市主板,数据不足,False,
2025-06-27,603899.SS,603899.SS,29.09,27.6,2025-05-26,2,第2次测试支撑后反弹,沪市主板,数据不足,False,
2025-10-29,603899.SS,603899.SS,27.7,26.76,2025-10-13,3,第3次测试支撑后反弹,沪市主板,数据不足,False,
2025-11-28,603899.SS,603899.SS,27.91,26.76,2025-10-13,6,第6次测试支撑后反弹,沪市主板,数据不足,False,
2026-01-16,603899.SS,603899.SS,27.64,27.01,2025-12-31,3,第3次测试支撑后反弹,沪市主板,数据不足,False,
2025-07-15,603939.SS,603939.SS,23.0394,22.6836,2025-06-23,3,第3次测试支撑后反弹,沪市主板,数据不足,False,
2025-08-15,603939.SS,603939.SS,23.1382,22.6836,2025-06-23,7,第7次测试支撑后反弹,沪市主板,数据不足,False,
2025-11-28,603939.SS,603939.SS,22.6,23.04,2025-11-07,3,第3次测试支撑后反弹,沪市主板,数据不足,False,
2026-01-12,603939.SS,603939.SS,22.43,21.48,2025-12-18,5,第5次测试支撑后反弹,沪市主板,数据不足,False,
2025-11-28,603979.SS,603979.SS,64.69,60.36,2025-11-05,3,第3次测试支撑后反弹,沪市主板,数据不足,False,
2025-04-28,603986.SS,603986.SS,115.873,106.38,2025-04-10,4,第4次测试支撑后反弹,沪市主板,数据不足,False,
2025-07-24,603986.SS,603986.SS,117.9,112.204,2025-05-29,8,第8次测试支撑后反弹,沪市主板,数据不足,False,
2025-04-11,603993.SS,603993.SS,6.49037,6.41287,2025-02-28,3,第3次测试支撑后反弹,沪市主板,数据不足,False,
2025-06-03,605117.SS,605117.SS,56.1748,56.5298,2025-04-07,7,第7次测试支撑后反弹,沪市主板,数据不足,False,
2025-07-07,605117.SS,605117.SS,50.969,49.4997,2025-06-20,4,第4次测试支撑后反弹,沪市主板,数据不足,False,
2025-08-15,605499.SS,605499.SS,282.964,277.817,2025-07-31,3,第3次测试支撑后反弹,沪市主板,数据不足,False,
2025-09-15,605499.SS,605499.SS,292.09,280.326,2025-08-18,5,第5次测试支撑后反弹,沪市主板,数据不足,False,
2025-10-15,605499.SS,605499.SS,288.11,280.326,2025-08-18,9,第9次测试支撑后反弹,沪市主板,数据不足,False,
2025-12-11,605499.SS,605499.SS,261.58,254.53,2025-11-21,4,第4次测试支撑后反弹,沪市主板,数据不足,False,
2026-01-21,605499.SS,605499.SS,250.88,255.3,2025-11-25,9,第9次测试支撑后反弹,沪市主板,数据不足,False,
2025-04-28,605589.SS,605589.SS,24.2841,23.6571,2025-04-11,4,第4次测试支撑后反弹,沪市主板,数据不足,False,
2025-12-16,605589.SS,605589.SS,25.88,25.91,2025-11-21,5,第5次测试支撑后反弹,沪市主板,数据不足,False,
2025-05-09,688005.SS,688005.SS,19.8949,19.0226,2025-04-11,4,第4次测试支撑后反弹,沪市主板,数据不足,False,
2025-06-05,688005.SS,688005.SS,18.43,17.7192,2025-04-07,4,第4次测试支撑后反弹,沪市主板,数据不足,False,
2025-12-16,688008.SS,688008.SS,114.1,112.0,2025-11-24,3,第3次测试支撑后反弹,沪市主板,数据不足,False,
2025-10-17,688009.SS,688009.SS,5.32,5.15,2025-09-23,4,第4次测试支撑后反弹,沪市主板,数据不足,False,
2025-11-06,688009.SS,688009.SS,5.4,5.23,2025-09-22,7,第7次测试支撑后反弹,沪市主板,数据不足,False,
2025-12-10,688009.SS,688009.SS,5.35,5.17,2025-11-25,3,第3次测试支撑后反弹,沪市主板,数据不足,False,
2026-01-19,688009.SS,688009.SS,5.41,5.17,2025-11-25,7,第7次测试支撑后反弹,沪市主板,数据不足,False,
2025-05-12,688012.SS,688012.SS,182.749,180.722,2025-04-25,4,第4次测试支撑后反弹,沪市主板,数据不足,False,
2025-05-28,688012.SS,688012.SS,171.218,166.386,2025-04-07,3,第3次测试支撑后反弹,沪市主板,数据不足,False,
2025-07-17,688012.SS,688012.SS,180.99,169.81,2025-06-16,4,第4次测试支撑后反弹,沪市主板,数据不足,False,
2025-05-30,688017.SS,688017.SS,118.402,115.025,2025-04-08,2,第2次测试支撑后反弹,沪市主板,数据不足,False,
2025-07-11,688017.SS,688017.SS,123.49,114.765,2025-05-28,7,第7次测试支撑后反弹,沪市主板,数据不足,False,
2025-04-23,688036.SS,688036.SS,79.6467,77.7041,2025-04-08,3,第3次测试支撑后反弹,沪市主板,数据不足,False,
2025-05-06,688036.SS,688036.SS,75.0816,73.0419,2025-04-07,3,第3次测试支撑后反弹,沪市主板,数据不足,False,
2025-05-27,688036.SS,688036.SS,70.9147,69.72,2025-04-29,4,第4次测试支撑后反弹,沪市主板,数据不足,False,
2025-07-23,688041.SS,688041.SS,136.814,131.966,2025-06-12,7,第7次测试支撑后反弹,沪市主板,数据不足,False,
2025-12-15,688041.SS,688041.SS,198.933,203.202,2025-11-24,4,第4次测试支撑后反弹,沪市主板,数据不足,False,
2025-05-23,688047.SS,688047.SS,123.1,117.14,2025-04-07,3,第3次测试支撑后反弹,沪市主板,数据不足,False,
2025-06-23,688047.SS,688047.SS,123.51,119.02,2025-05-21,5,第5次测试支撑后反弹,沪市主板,数据不足,False,
2025-12-31,688047.SS,688047.SS,133.01,128.0,2025-11-19,6,第6次测试支撑后反弹,沪市主板,数据不足,False,
2025-12-19,688063.SS,688063.SS,56.01,54.62,2025-12-04,3,第3次测试支撑后反弹,沪市主板,数据不足,False,
2025-06-06,688065.SS,688065.SS,47.1447,46.1133,2025-04-09,4,第4次测试支撑后反弹,沪市主板,数据不足,False,
2025-11-05,688065.SS,688065.SS,48.01,47.07,2025-10-20,3,第3次测试支撑后反弹,沪市主板,数据不足,False,
2025-05-27,688072.SS,688072.SS,145.13,147.725,2025-04-07,7,第7次测试支撑后反弹,沪市主板,数据不足,False,
2025-04-28,688099.SS,688099.SS,68.75,66.0,2025-04-11,4,第4次测试支撑后反弹,沪市主板,数据不足,False,
2025-05-28,688099.SS,688099.SS,66.3,66.0,2025-04-11,6,第6次测试支撑后反弹,沪市主板,数据不足,False,
2025-06-17,688099.SS,688099.SS,66.0,65.61,2025-05-28,4,第4次测试支撑后反弹,沪市主板,数据不足,False,
2025-12-18,688099.SS,688099.SS,85.25,81.33,2025-11-12,4,第4次测试支撑后反弹,沪市主板,数据不足,False,
2025-04-28,688111.SS,688111.SS,280.317,277.088,2025-04-08,2,第2次测试支撑后反弹,沪市主板,数据不足,False,
2025-05-23,688111.SS,688111.SS,278.314,277.088,2025-04-08,5,第5次测试支撑后反弹,沪市主板,数据不足,False,
2025-07-07,688111.SS,688111.SS,261.65,260.135,2025-06-20,4,第4次测试支撑后反弹,沪市主板,数据不足,False,
2025-12-11,688111.SS,688111.SS,295.05,292.0,2025-10-23,4,第4次测试支撑后反弹,沪市主板,数据不足,False,
2026-02-06,688111.SS,688111.SS,309.0,294.54,2025-12-12,6,第6次测试支撑后反弹,沪市主板,数据不足,False,
2025-10-20,688114.SS,688114.SS,66.53,64.7,2025-09-23,3,第3次测试支撑后反弹,沪市主板,数据不足,False,
2025-12-10,688114.SS,688114.SS,59.77,59.11,2025-11-21,4,第4次测试支撑后反弹,沪市主板,数据不足,False,
2025-12-30,688114.SS,688114.SS,60.75,59.11,2025-11-21,6,第6次测试支撑后反弹,沪市主板,数据不足,False,
2025-05-28,688120.SS,688120.SS,99.0707,100.469,2025-04-07,4,第4次测试支撑后反弹,沪市主板,数据不足,False,
2025-06-17,688120.SS,688120.SS,102.268,98.7964,2025-05-29,4,第4次测试支撑后反弹,沪市主板,数据不足,False,
2025-04-29,688126.SS,688126.SS,17.5,16.8,2025-04-08,3,第3次测试支撑后反弹,沪市主板,数据不足,False,
2025-12-18,688126.SS,688126.SS,20.5,20.37,2025-11-28,4,第4次测试支撑后反弹,沪市主板,数据不足,False,
2026-02-13,688126.SS,688126.SS,20.89,20.0,2025-12-17,4,第4次测试支撑后反弹,沪市主板,数据不足,False,
2025-11-07,688166.SS,688166.SS,53.01,51.41,2025-10-21,3,第3次测试支撑后反弹,沪市主板,数据不足,False,
2025-12-10,688166.SS,688166.SS,50.77,50.22,2025-11-19,4,第4次测试支撑后反弹,沪市主板,数据不足,False,
2025-12-30,688166.SS,688166.SS,49.05,48.33,2025-11-21,6,第6次测试支撑后反弹,沪市主板,数据不足,False,
2026-02-26,688166.SS,688166.SS,43.97,44.9,2026-02-02,3,第3次测试支撑后反弹,沪市主板,数据不足,False,
2025-04-29,688169.SS,688169.SS,128.598,126.942,2025-04-08,4,第4次测试支撑后反弹,沪市主板,数据不足,False,
2025-12-01,688169.SS,688169.SS,154.0,153.0,2025-11-10,4,第4次测试支撑后反弹,沪市主板,数据不足,False,
2025-12-30,688169.SS,688169.SS,152.57,149.31,2025-12-01,5,第5次测试支撑后反弹,沪市主板,数据不足,False,
2026-02-13,688169.SS,688169.SS,150.4,144.02,2026-01-27,3,第3次测试支撑后反弹,沪市主板,数据不足,False,
2025-10-30,688180.SS,688180.SS,38.38,37.51,2025-10-15,3,第3次测试支撑后反弹,沪市主板,数据不足,False,
2026-01-21,688180.SS,688180.SS,35.45,33.99,2025-12-30,3,第3次测试支撑后反弹,沪市主板,数据不足,False,
2025-07-18,688188.SS,688188.SS,131.078,127.505,2025-07-02,3,第3次测试支撑后反弹,沪市主板,数据不足,False,
2025-08-12,688188.SS,688188.SS,132.392,125.724,2025-07-15,5,第5次测试支撑后反弹,沪市主板,数据不足,False,
2025-12-11,688188.SS,688188.SS,132.6,130.2,2025-11-21,4,第4次测试支撑后反弹,沪市主板,数据不足,False,
2025-12-22,688213.SS,688213.SS,91.02,88.9105,2025-11-21,6,第6次测试支撑后反弹,沪市主板,数据不足,False,
2026-02-04,688213.SS,688213.SS,91.7,89.2,2025-12-16,5,第5次测试支撑后反弹,沪市主板,数据不足,False,
2025-05-06,688223.SS,688223.SS,5.58,5.4,2025-04-09,4,第4次测试支撑后反弹,沪市主板,数据不足,False,
2025-09-22,688223.SS,688223.SS,5.07,5.2,2025-08-04,6,第6次测试支撑后反弹,沪市主板,数据不足,False,
2025-10-23,688223.SS,688223.SS,5.39,5.17,2025-09-22,4,第4次测试支撑后反弹,沪市主板,数据不足,False,
2025-12-04,688223.SS,688223.SS,5.43,5.23,2025-10-23,3,第3次测试支撑后反弹,沪市主板,数据不足,False,
2025-07-11,688235.SS,688235.SS,226.23,219.51,2025-05-12,6,第6次测试支撑后反弹,沪市主板,数据不足,False,
2025-08-11,688235.SS,688235.SS,230.0,220.01,2025-07-09,3,第3次测试支撑后反弹,沪市主板,数据不足,False,
2025-12-16,688235.SS,688235.SS,266.34,267.83,2025-11-05,7,第7次测试支撑后反弹,沪市主板,数据不足,False,
2026-02-06,688235.SS,688235.SS,276.93,264.51,2025-12-16,6,第6次测试支撑后反弹,沪市主板,数据不足,False,
2025-06-03,688256.SS,688256.SS,608.0,593.0,2025-04-11,3,第3次测试支撑后反弹,沪市主板,数据不足,False,
2025-09-23,688266.SS,688266.SS,104.42,100.0,2025-08-29,5,第5次测试支撑后反弹,沪市主板,数据不足,False,
2025-10-20,688266.SS,688266.SS,102.95,96.77,2025-08-28,3,第3次测试支撑后反弹,沪市主板,数据不足,False,
2025-07-04,688271.SS,688271.SS,129.46,124.647,2025-06-18,3,第3次测试支撑后反弹,沪市主板,数据不足,False,
2025-08-05,688271.SS,688271.SS,129.186,124.647,2025-06-18,7,第7次测试支撑后反弹,沪市主板,数据不足,False,
2026-01-28,688271.SS,688271.SS,127.8,124.61,2025-12-31,3,第3次测试支撑后反弹,沪市主板,数据不足,False,
2025-04-24,688303.SS,688303.SS,17.88,17.53,2025-04-08,3,第3次测试支撑后反弹,沪市主板,数据不足,False,
2025-06-20,688303.SS,688303.SS,18.22,17.69,2025-04-30,3,第3次测试支撑后反弹,沪市主板,数据不足,False,
2025-12-05,688303.SS,688303.SS,27.51,25.88,2025-10-13,5,第5次测试支撑后反弹,沪市主板,数据不足,False,
2025-12-31,688303.SS,688303.SS,27.13,26.58,2025-12-16,3,第3次测试支撑后反弹,沪市主板,数据不足,False,
2026-02-24,688303.SS,688303.SS,24.1,23.15,2026-02-06,3,第3次测试支撑后反弹,沪市主板,数据不足,False,
2025-05-28,688390.SS,688390.SS,38.38,37.71,2025-04-07,4,第4次测试支撑后反弹,沪市主板,数据不足,False,
2025-12-04,688390.SS,688390.SS,53.36,50.81,2025-10-23,5,第5次测试支撑后反弹,沪市主板,数据不足,False,
2025-08-14,688396.SS,688396.SS,47.1973,44.8384,2025-06-16,8,第8次测试支撑后反弹,沪市主板,数据不足,False,
2025-04-30,688472.SS,688472.SS,8.82914,8.5025,2025-04-09,2,第2次测试支撑后反弹,沪市主板,数据不足,False,
2025-06-03,688472.SS,688472.SS,8.71036,8.5025,2025-04-09,6,第6次测试支撑后反弹,沪市主板,数据不足,False,
2025-06-03,688521.SS,688521.SS,84.7,82.0,2025-04-09,6,第6次测试支撑后反弹,沪市主板,数据不足,False,
2025-07-14,688521.SS,688521.SS,86.29,82.1,2025-05-28,6,第6次测试支撑后反弹,沪市主板,数据不足,False,
2025-12-05,688521.SS,688521.SS,138.34,140.2,2025-11-12,4,第4次测试支撑后反弹,沪市主板,数据不足,False,
2025-12-05,688578.SS,688578.SS,98.03,95.45,2025-11-20,3,第3次测试支撑后反弹,沪市主板,数据不足,False,
2026-01-22,688578.SS,688578.SS,97.85,94.9,2025-11-24,6,第6次测试支撑后反弹,沪市主板,数据不足,False,
2025-04-29,688599.SS,688599.SS,13.12,12.82,2025-04-07,4,第4次测试支撑后反弹,沪市主板,数据不足,False,
2025-05-28,688599.SS,688599.SS,13.22,12.82,2025-04-07,7,第7次测试支撑后反弹,沪市主板,数据不足,False,
2025-12-31,688599.SS,688599.SS,16.7,16.02,2025-12-12,4,第4次测试支撑后反弹,沪市主板,数据不足,False,
2025-07-18,688608.SS,688608.SS,233.73,225.63,2025-07-03,3,第3次测试支撑后反弹,沪市主板,数据不足,False,
2025-08-08,688608.SS,688608.SS,219.98,217.38,2025-07-15,2,第2次测试支撑后反弹,沪市主板,数据不足,False,
2025-12-16,688608.SS,688608.SS,213.61,207.33,2025-11-19,3,第3次测试支撑后反弹,沪市主板,数据不足,False,
2025-12-11,688617.SS,688617.SS,232.55,234.21,2025-11-26,3,第3次测试支撑后反弹,沪市主板,数据不足,False,
2025-12-31,688617.SS,688617.SS,241.11,234.21,2025-11-26,6,第6次测试支撑后反弹,沪市主板,数据不足,False,
2026-02-02,688617.SS,688617.SS,227.9,228.22,2025-12-12,5,第5次测试支撑后反弹,沪市主板,数据不足,False,
2026-02-25,688617.SS,688617.SS,230.99,223.48,2026-02-03,3,第3次测试支撑后反弹,沪市主板,数据不足,False,
2025-04-30,688777.SS,688777.SS,46.7872,43.8341,2025-04-08,2,第2次测试支撑后反弹,沪市主板,数据不足,False,
2025-06-03,688777.SS,688777.SS,44.87,43.3616,2025-04-09,5,第5次测试支撑后反弹,沪市主板,数据不足,False,
2025-07-07,688777.SS,688777.SS,45.22,43.0,2025-06-18,4,第4次测试支撑后反弹,沪市主板,数据不足,False,
2025-11-20,688777.SS,688777.SS,50.04,48.34,2025-09-23,4,第4次测试支撑后反弹,沪市主板,数据不足,False,
2025-12-18,688777.SS,688777.SS,47.85,48.27,2025-11-21,5,第5次测试支撑后反弹,沪市主板,数据不足,False,
2025-04-29,688981.SS,688981.SS,89.4,85.72,2025-04-02,5,第5次测试支撑后反弹,沪市主板,数据不足,False,
2025-06-19,688981.SS,688981.SS,81.03,81.37,2025-06-03,3,第3次测试支撑后反弹,沪市主板,数据不足,False,
2025-12-16,688981.SS,688981.SS,110.82,108.18,2025-11-24,4,第4次测试支撑后反弹,沪市主板,数据不足,False,
2026-02-05,688981.SS,688981.SS,114.8,110.13,2025-12-17,3,第3次测试支撑后反弹,沪市主板,数据不足,False,
2025-09-23,302132.SZ,302132.SZ,82.6,80.0,2025-09-08,3,第3次测试支撑后反弹,深市主板,数据不足,False,
2025-12-31,302132.SZ,302132.SZ,79.85,75.5,2025-12-12,4,第4次测试支撑后反弹,深市主板,数据不足,False,
2026-02-02,302132.SZ,302132.SZ,76.57,74.51,2025-12-15,4,第4次测试支撑后反弹,深市主板,数据不足,False,
