stock_code,stock_name,entry_date,exit_date,entry_price,exit_price,return_pct,exit_reason,holding_days
000032.SZ,000032.SZ,2025-05-28,2025-06-26,19.3724,20.12,3.8590985112841056,到期,20
000032.SZ,000032.SZ,2025-10-30,2025-11-20,20.24,19.15,-5.385375494071146,止损,15
000032.SZ,000032.SZ,2025-12-10,2026-01-09,18.69,21.77,16.47940074906366,止盈,20
000063.SZ,000063.SZ,2025-04-29,2025-05-30,32.23,31.09,-3.537077257213767,到期,20
000063.SZ,000063.SZ,2025-06-03,2025-07-01,31.63,32.64,3.1931710401517597,到期,20
000063.SZ,000063.SZ,2025-06-23,2025-07-21,31.75,34.25,7.874015748031496,到期,20
000063.SZ,000063.SZ,2025-12-30,2026-01-29,37.84,39.51,4.41331923890062,到期,20
000063.SZ,000063.SZ,2026-02-06,2026-03-16,36.8,36.5,-0.8152173913043401,到期,20
000333.SZ,000333.SZ,2025-04-09,2025-05-12,66.8974,72.5638,8.470284345878905,到期,20
000333.SZ,000333.SZ,2025-08-21,2025-09-18,71.6602,73.2698,2.246156164788823,到期,20
000333.SZ,000333.SZ,2026-02-03,2026-03-11,78.1,77.39,-0.9090909090909011,到期,20
000338.SZ,000338.SZ,2025-05-27,2025-06-25,14.3054,15.0593,5.270037887790623,到期,20
000338.SZ,000338.SZ,2025-06-20,2025-07-18,14.6299,14.8875,1.7607775856294305,到期,20
000338.SZ,000338.SZ,2025-10-13,2025-11-05,14.2503,16.39,15.015122488649371,止盈,17
000400.SZ,000400.SZ,2025-05-16,2025-06-16,21.6393,20.773,-4.0033642493056565,到期,20
000400.SZ,000400.SZ,2025-06-25,2025-07-22,20.6844,24.5918,18.890564870143677,止盈,19
000415.SZ,000415.SZ,2025-04-22,2025-05-06,2.88,3.34,15.972222222222221,止盈,7
000415.SZ,000415.SZ,2025-10-16,2025-11-13,3.46,3.8,9.826589595375719,到期,20
000415.SZ,000415.SZ,2025-11-24,2025-12-18,3.5,4.06,15.99999999999999,止盈,18
000629.SZ,000629.SZ,2025-04-29,2025-05-30,2.56,2.5,-2.343750000000002,到期,20
000629.SZ,000629.SZ,2025-04-29,2025-05-30,2.56,2.5,-2.343750000000002,到期,20
000629.SZ,000629.SZ,2025-06-20,2025-07-18,2.51,2.66,5.976095617529896,到期,20
000651.SZ,000651.SZ,2025-11-06,2025-12-04,39.1184,39.9378,2.094666448525506,到期,20
000661.SZ,000661.SZ,2025-12-30,2026-01-29,92.5,98.3,6.2702702702702675,到期,20
000683.SZ,000683.SZ,2025-04-24,2025-05-27,4.80349,4.71872,-1.7647585401447654,到期,20
000683.SZ,000683.SZ,2025-07-01,2025-07-22,4.77,5.7,19.496855345911964,止盈,15
000708.SZ,000708.SZ,2025-04-30,2025-06-03,11.2305,11.0586,-1.530653132095624,到期,20
000977.SZ,000977.SZ,2025-04-29,2025-05-30,49.385,48.95,-0.8808342614153999,到期,20
000977.SZ,000977.SZ,2025-12-16,2026-01-12,60.56,70.77,16.859313077939223,止盈,17
000998.SZ,000998.SZ,2025-04-30,2025-06-03,10.2586,10.1689,-0.8743883180940751,到期,20
000998.SZ,000998.SZ,2026-01-27,2026-03-04,9.53,11.04,15.844700944386148,止盈,20
000999.SZ,000999.SZ,2025-06-23,2025-07-21,30.9138,31.0319,0.3820300318951468,到期,20
000999.SZ,000999.SZ,2025-07-15,2025-08-12,30.4018,31.1796,2.558401147300486,到期,20
000999.SZ,000999.SZ,2025-10-09,2025-11-06,27.7929,28.86,3.839469792644884,到期,20
000999.SZ,000999.SZ,2026-02-03,2026-03-11,28.1,29.67,5.587188612099645,到期,20
001914.SZ,001914.SZ,2025-06-23,2025-07-21,11.239,12.0537,7.248865557433922,到期,20
001914.SZ,001914.SZ,2025-11-05,2025-12-03,11.4,11.31,-0.7894736842105251,到期,20
001914.SZ,001914.SZ,2025-12-17,2026-01-16,11.06,11.05,-0.0904159132007214,到期,20
001914.SZ,001914.SZ,2026-01-07,2026-02-04,10.9,11.95,9.63302752293577,到期,20
001965.SZ,001965.SZ,2025-05-28,2025-06-26,11.9153,11.5779,-2.8316534203922736,到期,20
001965.SZ,001965.SZ,2025-10-09,2025-11-06,9.89,10.4,5.156723963599593,到期,20
001965.SZ,001965.SZ,2025-12-01,2025-12-29,9.9,10.06,1.6161616161616175,到期,20
001979.SZ,001979.SZ,2025-06-23,2025-07-21,8.50941,8.84,3.884993201643816,到期,20
001979.SZ,001979.SZ,2026-01-07,2026-01-29,8.85,10.88,22.937853107344647,止盈,16
002001.SZ,002001.SZ,2025-07-17,2025-08-14,21.6728,22.3173,2.9737735779410173,到期,20
002007.SZ,002007.SZ,2025-10-17,2025-11-14,16.1133,16.83,4.447878460650515,到期,20
002007.SZ,002007.SZ,2025-12-31,2026-01-30,15.4,15.63,1.4935064935064963,到期,20
002007.SZ,002007.SZ,2026-01-22,2026-02-27,15.71,15.47,-1.5276893698281362,到期,20
002008.SZ,002008.SZ,2025-04-29,2025-05-30,23.0117,22.99,-0.09429985616013904,到期,20
002008.SZ,002008.SZ,2025-06-16,2025-07-14,23.03,24.46,6.209292227529308,到期,20
002008.SZ,002008.SZ,2025-12-16,2025-12-25,36.18,41.78,15.47816473189608,止盈,7
002025.SZ,002025.SZ,2025-09-26,2025-10-16,49.2,46.59,-5.304878048780486,止损,8
002027.SZ,002027.SZ,2025-04-09,2025-05-12,6.52583,6.945,6.423244246325758,到期,20
002027.SZ,002027.SZ,2025-11-06,2025-12-04,7.44027,7.22,-2.960510841676447,到期,20
002027.SZ,002027.SZ,2025-12-29,2026-01-28,7.3,7.14,-2.1917808219178103,到期,20
002027.SZ,002027.SZ,2026-01-28,2026-03-04,7.13,6.67,-6.451612903225806,止损,19
002028.SZ,002028.SZ,2025-05-09,2025-06-09,70.193,71.7623,2.235693017822288,到期,20
002028.SZ,002028.SZ,2025-06-04,2025-07-02,71.7325,73.1628,1.993935803157568,到期,20
002128.SZ,002128.SZ,2025-04-09,2025-05-12,17.0786,16.974,-0.6124623798203679,到期,20
002155.SZ,002155.SZ,2025-12-16,2026-01-15,20.58,22.97,11.613216715257535,到期,20
002244.SZ,002244.SZ,2025-05-23,2025-06-23,8.93336,9.2903,3.995585087805706,到期,20
002244.SZ,002244.SZ,2025-06-12,2025-07-10,9.17132,10.0141,9.189298814129259,到期,20
002244.SZ,002244.SZ,2025-12-29,2026-01-28,9.81,11.24,14.576962283384297,到期,20
002266.SZ,002266.SZ,2025-04-25,2025-05-28,3.07016,3.24728,5.76908043880449,到期,20
002271.SZ,002271.SZ,2025-07-01,2025-07-22,9.95459,11.7266,17.80093404148237,止盈,15
002281.SZ,002281.SZ,2025-04-29,2025-05-30,41.4175,40.9601,-1.1043640973018647,到期,20
002281.SZ,002281.SZ,2025-05-27,2025-06-25,41.0496,47.71,16.225249454318686,止盈,20
002292.SZ,002292.SZ,2025-08-14,2025-09-11,9.39,9.29,-1.0649627263045944,到期,20
002292.SZ,002292.SZ,2025-11-14,2025-12-12,8.7,9.74,11.954022988505757,到期,20
002294.SZ,002294.SZ,2026-03-05,2026-03-17,48.14,58.58,21.686746987951803,止盈,8
002312.SZ,002312.SZ,2025-04-29,2025-05-30,10.9433,11.0717,1.1733206619575374,到期,20
002312.SZ,002312.SZ,2025-05-26,2025-06-24,11.0421,11.82,7.04485559811993,到期,20
002312.SZ,002312.SZ,2025-09-05,2025-09-23,11.45,10.62,-7.248908296943232,止损,12
002312.SZ,002312.SZ,2025-10-22,2025-11-07,10.41,12.24,17.579250720461097,止盈,12
002318.SZ,002318.SZ,2025-04-09,2025-05-12,22.5715,24.08,6.6832066987129695,到期,20
002318.SZ,002318.SZ,2025-07-18,2025-07-31,23.72,22.38,-5.649241146711635,止损,9
002318.SZ,002318.SZ,2025-09-04,2025-10-09,22.25,26.33,18.337078651685385,止盈,19
002340.SZ,002340.SZ,2025-04-29,2025-05-30,6.13646,5.99789,-2.258142316579912,到期,20
002352.SZ,002352.SZ,2025-11-07,2025-12-02,40.0,37.91,-5.2250000000000085,止损,17
002352.SZ,002352.SZ,2025-12-31,2026-01-30,38.33,37.5,-2.1654056874510785,到期,20
002352.SZ,002352.SZ,2026-02-02,2026-03-10,37.6,37.32,-0.7446808510638327,到期,20
002371.SZ,002371.SZ,2025-05-22,2025-06-12,315.448,298.696,-5.310542466587188,止损,14
002371.SZ,002371.SZ,2025-07-17,2025-08-14,320.0,341.66,6.768750000000008,到期,20
002389.SZ,002389.SZ,2025-04-30,2025-05-08,17.833,20.9149,17.28200527112657,止盈,3
002389.SZ,002389.SZ,2025-09-26,2025-11-03,21.6,22.15,2.546296296296283,到期,20
002389.SZ,002389.SZ,2025-10-22,2025-11-19,21.76,22.08,1.4705882352941024,到期,20
002389.SZ,002389.SZ,2025-11-18,2025-12-16,21.53,24.63,14.398513701811416,到期,20
002405.SZ,002405.SZ,2025-06-20,2025-07-18,8.17,8.42,3.0599755201958385,到期,20
002405.SZ,002405.SZ,2025-12-12,2026-01-06,8.42,10.09,19.83372921615202,止盈,15
002407.SZ,002407.SZ,2026-02-02,2026-03-10,28.57,29.17,2.1001050052502674,到期,20
002407.SZ,002407.SZ,2026-03-09,2026-03-18,29.17,27.57,-5.485087418580738,止损,7
002409.SZ,002409.SZ,2025-04-28,2025-05-29,52.3689,53.4885,2.1379100954956196,到期,20
002409.SZ,002409.SZ,2025-05-27,2025-06-25,52.795,53.5382,1.4077090633582756,到期,20
002409.SZ,002409.SZ,2025-07-04,2025-08-01,53.9762,54.9718,1.8445166573415748,到期,20
002410.SZ,002410.SZ,2025-07-07,2025-08-04,13.23,13.28,0.37792894935751276,到期,20
002410.SZ,002410.SZ,2025-08-01,2025-08-26,13.28,15.36,15.66265060240964,止盈,17
002410.SZ,002410.SZ,2025-09-23,2025-10-29,13.35,14.37,7.6404494382022445,到期,20
002410.SZ,002410.SZ,2025-12-23,2026-01-12,12.26,14.26,16.31321370309951,止盈,12
002415.SZ,002415.SZ,2025-04-29,2025-05-30,27.3364,27.8007,1.6984679767635749,到期,20
002415.SZ,002415.SZ,2025-07-31,2025-08-28,27.9292,30.815,10.33255517522879,到期,20
002422.SZ,002422.SZ,2025-10-30,2025-11-27,33.3,34.46,3.4834834834834947,到期,20
002422.SZ,002422.SZ,2025-11-24,2025-12-12,33.41,31.15,-6.764441783897032,止损,14
002432.SZ,002432.SZ,2025-05-09,2025-06-09,37.4997,37.6787,0.47733715203055505,到期,20
002432.SZ,002432.SZ,2025-07-11,2025-08-08,38.77,39.65,2.2697962342016904,到期,20
002432.SZ,002432.SZ,2025-10-13,2025-11-10,39.49,44.2,11.927070144340341,到期,20
002432.SZ,002432.SZ,2026-02-05,2026-03-02,42.05,48.83,16.12366230677765,止盈,11
002436.SZ,002436.SZ,2025-12-18,2026-01-05,19.31,22.27,15.328845157949257,止盈,10
002456.SZ,002456.SZ,2025-06-20,2025-07-18,11.51,11.44,-0.6081668114682909,到期,20
002456.SZ,002456.SZ,2025-07-15,2025-08-12,11.22,11.74,4.634581105169336,到期,20
002456.SZ,002456.SZ,2025-08-08,2025-08-25,11.51,13.33,15.812337098175503,止盈,11
002456.SZ,002456.SZ,2025-11-27,2025-12-11,11.27,10.63,-5.678793256432998,止损,10
002456.SZ,002456.SZ,2025-12-31,2026-01-28,10.84,10.08,-7.011070110701105,止损,18
002456.SZ,002456.SZ,2026-01-21,2026-01-29,10.59,9.97,-5.854579792256839,止损,6
002459.SZ,002459.SZ,2025-04-29,2025-05-28,9.65,9.16,-5.077720207253888,止损,18
002459.SZ,002459.SZ,2025-05-30,2025-06-30,9.23,9.98,8.125677139761645,到期,20
002460.SZ,002460.SZ,2025-04-30,2025-06-03,29.8277,29.9969,0.5672579515014567,到期,20
002460.SZ,002460.SZ,2025-05-30,2025-06-30,30.1463,33.6208,11.525460835989831,到期,20
002460.SZ,002460.SZ,2025-06-20,2025-07-03,30.2657,34.9649,15.526487079433156,止盈,9
002465.SZ,002465.SZ,2025-04-30,2025-05-21,10.4105,12.212,17.30464434945487,止盈,12
002465.SZ,002465.SZ,2025-11-06,2025-12-04,11.8,12.33,4.491525423728808,到期,20
002465.SZ,002465.SZ,2025-11-27,2025-12-25,12.12,13.69,12.953795379537958,到期,20
002466.SZ,002466.SZ,2025-04-23,2025-05-26,28.69,29.59,3.1369815266643375,到期,20
002466.SZ,002466.SZ,2026-02-10,2026-03-18,51.08,51.25,0.33281127642913416,到期,20
002472.SZ,002472.SZ,2025-06-20,2025-07-18,30.1647,33.9091,12.413184947968992,到期,20
002472.SZ,002472.SZ,2025-12-17,2025-12-30,40.07,47.25,17.918642375842275,止盈,9
002475.SZ,002475.SZ,2025-05-28,2025-06-26,30.7403,32.6832,6.320367725754133,到期,20
002475.SZ,002475.SZ,2026-01-13,2026-02-10,53.1732,51.5284,-3.0932875960070176,到期,20
002493.SZ,002493.SZ,2025-11-26,2025-12-24,9.63,10.56,9.65732087227414,到期,20
002497.SZ,002497.SZ,2025-05-30,2025-06-30,10.7819,11.4,5.7327558222576736,到期,20
002497.SZ,002497.SZ,2025-06-23,2025-07-21,11.041,13.21,19.64495969567974,止盈,20
002517.SZ,002517.SZ,2025-05-27,2025-06-25,15.7278,17.39,10.568547412861305,到期,20
002532.SZ,002532.SZ,2025-05-09,2025-06-09,7.14272,7.8993,10.592323372608762,到期,20
002544.SZ,002544.SZ,2025-04-28,2025-05-08,20.2926,23.4714,15.664823630288868,止盈,5
002595.SZ,002595.SZ,2025-09-05,2025-10-13,58.15,56.58,-2.6999140154772148,到期,20
002701.SZ,002701.SZ,2025-08-18,2025-09-15,5.46,5.88,7.692307692307692,到期,20
002701.SZ,002701.SZ,2025-09-30,2025-10-13,5.42,6.26,15.498154981549813,止盈,3
002701.SZ,002701.SZ,2025-11-25,2025-12-23,5.63,6.08,7.99289520426288,到期,20
002701.SZ,002701.SZ,2026-01-16,2026-02-13,5.83,5.59,-4.116638078902233,到期,20
002837.SZ,002837.SZ,2025-04-28,2025-05-29,23.0109,24.7692,7.641161362658575,到期,20
002837.SZ,002837.SZ,2025-06-03,2025-06-16,24.16,28.78,19.122516556291394,止盈,9
002851.SZ,002851.SZ,2025-04-17,2025-04-29,47.7324,42.9871,-9.94146533591439,止损,8
002851.SZ,002851.SZ,2025-05-27,2025-06-25,44.4457,49.131,10.541627199031623,到期,20
002851.SZ,002851.SZ,2025-11-24,2025-12-17,71.02,82.79,16.572796395381598,止盈,17
002891.SZ,002891.SZ,2025-07-29,2025-08-20,53.9616,62.75,16.286396252149682,止盈,16
002891.SZ,002891.SZ,2025-09-15,2025-09-22,55.55,52.75,-5.040504050405035,止损,5
002891.SZ,002891.SZ,2025-10-09,2025-11-06,53.43,57.8,8.178925697173868,到期,20
002891.SZ,002891.SZ,2025-12-17,2026-01-16,53.29,51.75,-2.8898480015012185,到期,20
002891.SZ,002891.SZ,2026-01-15,2026-02-02,51.58,48.95,-5.098875533152376,止损,12
300017.SZ,300017.SZ,2025-06-03,2025-06-20,10.51,9.89,-5.8991436726926665,止损,13
300017.SZ,300017.SZ,2025-07-11,2025-08-08,10.3,10.94,6.213592233009697,到期,20
300017.SZ,300017.SZ,2025-10-23,2025-11-14,11.33,10.7,-5.560458958517218,止损,16
300017.SZ,300017.SZ,2025-11-12,2025-11-21,11.01,10.2,-7.356948228882838,止损,7
300017.SZ,300017.SZ,2025-12-30,2026-01-12,10.31,12.14,17.749757516973812,止盈,7
300024.SZ,300024.SZ,2025-04-28,2025-05-29,16.23,16.44,1.2939001848428888,到期,20
300024.SZ,300024.SZ,2025-12-18,2026-01-19,17.2,18.44,7.209302325581407,到期,20
300024.SZ,300024.SZ,2026-02-02,2026-03-03,17.14,16.13,-5.892648774795808,止损,15
300033.SZ,300033.SZ,2025-05-12,2025-05-23,263.928,250.542,-5.071837773938345,止损,9
300033.SZ,300033.SZ,2025-05-28,2025-06-25,246.933,289.691,17.315628125847894,止盈,19
300033.SZ,300033.SZ,2025-06-20,2025-06-25,239.225,289.691,21.095621277040436,止盈,3
300033.SZ,300033.SZ,2025-12-15,2026-01-06,306.0,372.0,21.568627450980394,止盈,14
300037.SZ,300037.SZ,2025-04-28,2025-05-29,30.2059,30.82,2.033046524023454,到期,20
300037.SZ,300037.SZ,2026-02-05,2026-02-12,48.0,56.15,16.979166666666664,止盈,5
300054.SZ,300054.SZ,2025-05-28,2025-06-26,27.652,27.9011,0.9008389989874098,到期,20
300058.SZ,300058.SZ,2025-04-29,2025-05-30,8.4,8.29,-1.3095238095238237,到期,20
300058.SZ,300058.SZ,2025-05-28,2025-06-03,8.23,6.21428,-24.49234507897935,止损,3
300058.SZ,300058.SZ,2025-06-20,2025-07-18,6.25,6.62,5.920000000000002,到期,20
300058.SZ,300058.SZ,2025-07-15,2025-08-12,6.58,6.99,6.23100303951368,到期,20
300058.SZ,300058.SZ,2025-09-29,2025-10-14,6.68,6.3,-5.688622754491016,止损,5
300059.SZ,300059.SZ,2025-06-03,2025-07-01,20.97,22.88,9.108249880782072,到期,20
300059.SZ,300059.SZ,2025-12-31,2026-01-30,23.22,22.7,-2.2394487510766563,到期,20
300068.SZ,300068.SZ,2025-05-26,2025-06-24,14.29,15.5,8.467459762071385,到期,20
300068.SZ,300068.SZ,2025-06-23,2025-07-21,14.86,15.2,2.2880215343203223,到期,20
300068.SZ,300068.SZ,2025-08-01,2025-08-14,14.81,17.31,16.880486158001336,止盈,9
300068.SZ,300068.SZ,2025-11-26,2025-12-23,16.88,15.75,-6.694312796208525,止损,19
300068.SZ,300068.SZ,2026-01-21,2026-01-29,16.0,15.17,-5.1875,止损,6
300070.SZ,300070.SZ,2025-05-06,2025-06-04,4.55586,4.52,-0.787118129178694,到期,20
300070.SZ,300070.SZ,2025-05-27,2025-06-25,4.46,4.51,1.1210762331838524,到期,20
300070.SZ,300070.SZ,2025-06-20,2025-07-18,4.37,4.52,3.432494279176189,到期,20
300070.SZ,300070.SZ,2025-12-31,2026-01-30,3.95,4.03,2.0253164556962044,到期,20
300070.SZ,300070.SZ,2026-02-02,2026-03-10,4.02,4.21,4.72636815920399,到期,20
300073.SZ,300073.SZ,2025-04-29,2025-05-30,37.9559,37.94,-0.0418907205467451,到期,20
300073.SZ,300073.SZ,2025-06-03,2025-06-25,38.0,43.84,15.368421052631586,止盈,16
300073.SZ,300073.SZ,2025-12-30,2026-01-29,58.22,56.8,-2.4390243902439055,到期,20
300073.SZ,300073.SZ,2026-02-05,2026-03-03,56.03,53.07,-5.282884169195076,止损,12
300083.SZ,300083.SZ,2025-06-03,2025-06-20,7.99,7.55,-5.506883604505637,止损,13
300083.SZ,300083.SZ,2025-11-21,2025-12-19,9.08,9.32,2.643171806167403,到期,20
300083.SZ,300083.SZ,2025-12-17,2026-01-16,9.04,9.9,9.513274336283201,到期,20
300083.SZ,300083.SZ,2026-02-05,2026-03-03,8.77,8.25,-5.929304446978331,止损,12
300088.SZ,300088.SZ,2025-12-23,2026-01-22,5.92,6.4,8.108108108108116,到期,20
300118.SZ,300118.SZ,2025-04-29,2025-05-13,8.93,11.17,25.083986562150056,止盈,7
300118.SZ,300118.SZ,2025-06-19,2025-07-02,8.7,10.44,20.000000000000004,止盈,9
300118.SZ,300118.SZ,2025-09-29,2025-11-04,10.46,10.85,3.728489483747598,到期,20
300118.SZ,300118.SZ,2025-10-27,2025-11-05,10.13,12.06,19.052319842053304,止盈,7
300118.SZ,300118.SZ,2025-12-04,2025-12-15,10.15,13.37,31.72413793103447,止盈,7
300122.SZ,300122.SZ,2025-05-16,2025-06-16,19.47,18.89,-2.978941961992801,到期,20
300122.SZ,300122.SZ,2025-06-13,2025-07-11,18.95,20.54,8.390501319261213,到期,20
300122.SZ,300122.SZ,2025-07-07,2025-07-24,19.42,24.77,27.548918640576716,止盈,13
300122.SZ,300122.SZ,2025-12-31,2026-01-19,18.9,17.56,-7.089947089947089,止损,11
300122.SZ,300122.SZ,2026-02-13,2026-03-03,17.07,15.98,-6.38547158758055,止损,6
300124.SZ,300124.SZ,2025-06-20,2025-07-18,62.23,65.19,4.756548288606783,到期,20
300124.SZ,300124.SZ,2025-07-10,2025-08-07,62.8,65.5,4.299363057324845,到期,20
300124.SZ,300124.SZ,2025-08-01,2025-08-29,64.79,75.03,15.804908164840246,止盈,20
300124.SZ,300124.SZ,2025-12-18,2026-01-19,71.83,80.27,11.749965195600721,到期,20
300136.SZ,300136.SZ,2025-04-30,2025-06-03,20.0146,21.2618,6.231451040740256,到期,20
300142.SZ,300142.SZ,2025-04-29,2025-05-30,10.0337,10.3029,2.6829584300905913,到期,20
300142.SZ,300142.SZ,2025-05-27,2025-06-25,10.0236,11.1606,11.343229977253685,到期,20
300142.SZ,300142.SZ,2025-06-16,2025-07-14,10.1732,11.3801,11.863523768332492,到期,20
300142.SZ,300142.SZ,2025-10-14,2025-11-11,11.3601,12.7864,12.555347224056138,到期,20
300142.SZ,300142.SZ,2025-12-31,2026-01-14,10.9213,12.77,16.92747200424857,止盈,8
300144.SZ,300144.SZ,2025-08-14,2025-09-11,8.59,9.09,5.820721769499418,到期,20
300144.SZ,300144.SZ,2025-09-03,2025-10-09,8.65,8.5,-1.7341040462427786,到期,20
300144.SZ,300144.SZ,2025-11-27,2025-12-25,7.91,8.25,4.29835651074589,到期,20
300144.SZ,300144.SZ,2026-01-29,2026-03-02,8.5,8.05,-5.294117647058815,止损,16
300207.SZ,300207.SZ,2025-12-10,2025-12-29,28.85,26.36,-8.630849220103991,止损,13
300223.SZ,300223.SZ,2025-04-28,2025-05-29,64.9511,65.3006,0.5380971222966295,到期,20
300223.SZ,300223.SZ,2025-05-27,2025-06-25,63.6531,68.7,7.928757593895663,到期,20
300251.SZ,300251.SZ,2025-06-10,2025-06-16,17.92,22.1,23.32589285714285,止盈,4
300251.SZ,300251.SZ,2025-09-18,2025-10-09,18.61,17.33,-6.878022568511559,止损,9
300251.SZ,300251.SZ,2025-10-30,2025-11-21,16.93,15.85,-6.3792085056113415,止损,16
300251.SZ,300251.SZ,2025-11-21,2025-12-19,15.86,16.09,1.4501891551071906,到期,20
300251.SZ,300251.SZ,2025-12-30,2026-01-29,16.3,18.26,12.024539877300617,到期,20
300253.SZ,300253.SZ,2025-05-28,2025-06-19,9.39513,8.83,-6.015137629814594,止损,15
300253.SZ,300253.SZ,2025-10-29,2025-11-12,8.48,7.96,-6.132075471698118,止损,10
300253.SZ,300253.SZ,2025-12-15,2025-12-18,8.24,9.5,15.291262135922326,止盈,3
300274.SZ,300274.SZ,2025-04-24,2025-05-12,55.7722,65.5884,17.600524992738308,止盈,9
300274.SZ,300274.SZ,2026-02-13,2026-03-12,149.6,173.1,15.708556149732622,止盈,13
300274.SZ,300274.SZ,2026-03-05,2026-03-11,148.49,170.92,15.105394302646626,止盈,4
300285.SZ,300285.SZ,2025-04-29,2025-05-30,16.7076,16.2133,-2.9585338408867767,到期,20
300285.SZ,300285.SZ,2025-06-06,2025-07-04,16.4624,16.9314,2.848916318398297,到期,20
300316.SZ,300316.SZ,2025-04-29,2025-05-30,27.204,26.96,-0.8969269225113945,到期,20
300316.SZ,300316.SZ,2025-05-20,2025-06-13,28.1897,26.66,-5.426450086379061,止损,17
300316.SZ,300316.SZ,2025-07-07,2025-08-04,26.76,28.03,4.745889387144991,到期,20
300316.SZ,300316.SZ,2025-12-18,2026-01-12,34.98,40.92,16.981132075471713,止盈,15
300339.SZ,300339.SZ,2025-11-14,2025-11-24,58.0287,53.3053,-8.13976532302119,止损,6
300339.SZ,300339.SZ,2025-12-25,2026-01-12,50.4294,58.51,16.0235894141116,止盈,10
300339.SZ,300339.SZ,2026-02-06,2026-03-04,49.29,46.0,-6.674781903022923,止损,12
300339.SZ,300339.SZ,2026-02-26,2026-03-04,49.28,46.0,-6.655844155844158,止损,4
300346.SZ,300346.SZ,2025-07-16,2025-08-13,31.271,34.5035,10.337053500047972,到期,20
300347.SZ,300347.SZ,2025-04-29,2025-05-16,44.7889,42.0648,-6.082087302880848,止损,10
300347.SZ,300347.SZ,2025-05-19,2025-05-30,42.1742,49.2529,16.78443218839954,止盈,9
300383.SZ,300383.SZ,2025-04-25,2025-05-28,13.3925,13.19,-1.512040321075233,到期,20
300383.SZ,300383.SZ,2025-05-23,2025-06-20,13.18,12.4,-5.918057663125944,止损,19
300383.SZ,300383.SZ,2025-11-12,2025-12-10,12.85,13.35,3.8910505836575875,到期,20
300383.SZ,300383.SZ,2025-12-08,2026-01-07,12.96,14.01,8.101851851851844,到期,20
300390.SZ,300390.SZ,2025-04-29,2025-05-30,17.3513,17.18,-0.9872459124100137,到期,20
300390.SZ,300390.SZ,2025-06-18,2025-07-14,17.31,20.36,17.619872905834782,止盈,18
300395.SZ,300395.SZ,2025-05-28,2025-06-26,43.3732,48.47,11.751035201460814,到期,20
300395.SZ,300395.SZ,2025-06-19,2025-06-25,43.01,49.7,15.554522204138586,止盈,4
300408.SZ,300408.SZ,2025-05-09,2025-05-23,34.292,32.4934,-5.244955091566547,止损,10
300408.SZ,300408.SZ,2025-07-15,2025-08-12,32.1,35.2,9.657320872274147,到期,20
300408.SZ,300408.SZ,2025-12-18,2026-01-16,43.4,51.09,17.7188940092166,止盈,19
300413.SZ,300413.SZ,2025-05-15,2025-05-26,23.4164,22.1694,-5.325327548214072,止损,7
300413.SZ,300413.SZ,2025-07-07,2025-08-04,21.249,21.98,3.440161889971301,到期,20
300413.SZ,300413.SZ,2025-12-30,2026-01-12,23.85,29.65,24.318658280922417,止盈,7
300418.SZ,300418.SZ,2025-04-29,2025-05-22,32.28,37.43,15.954151177199499,止盈,14
300418.SZ,300418.SZ,2025-12-04,2025-12-16,40.1,37.88,-5.536159600997504,止损,8
300418.SZ,300418.SZ,2025-12-29,2026-01-09,40.03,54.02,34.94878840869348,止盈,7
300442.SZ,300442.SZ,2025-04-28,2025-05-23,45.9452,43.0142,-6.379338864560384,止损,16
300442.SZ,300442.SZ,2025-06-17,2025-06-30,42.3112,49.0446,15.913989676492285,止盈,9
300442.SZ,300442.SZ,2025-11-12,2025-12-10,47.0,50.85,8.191489361702132,到期,20
300450.SZ,300450.SZ,2025-04-25,2025-05-28,18.5481,19.7454,6.455108609507164,到期,20
300450.SZ,300450.SZ,2025-12-18,2026-01-06,46.78,55.0,17.571611799914493,止盈,11
300454.SZ,300454.SZ,2025-05-27,2025-06-25,87.02,95.4,9.62997012181109,到期,20
300454.SZ,300454.SZ,2025-06-23,2025-07-18,88.37,103.0,16.55539210139187,止盈,19
300454.SZ,300454.SZ,2025-07-14,2025-07-18,89.4,103.0,15.21252796420581,止盈,4
300457.SZ,300457.SZ,2025-04-29,2025-05-30,16.2878,17.1529,5.311337319957257,到期,20
300457.SZ,300457.SZ,2025-04-29,2025-05-30,16.2878,17.1529,5.311337319957257,到期,20
300457.SZ,300457.SZ,2025-12-19,2026-01-20,26.37,28.8,9.215017064846414,到期,20
300459.SZ,300459.SZ,2025-04-28,2025-05-22,4.75,5.57,17.263157894736846,止盈,15
300459.SZ,300459.SZ,2025-05-19,2025-06-12,5.07,5.85,15.38461538461537,止盈,17
300459.SZ,300459.SZ,2025-12-31,2026-01-12,4.72,5.9,25.000000000000018,止盈,6
300474.SZ,300474.SZ,2025-04-29,2025-05-30,67.5279,66.0,-2.262620339148711,到期,20
300474.SZ,300474.SZ,2025-05-23,2025-06-23,65.6,68.89,5.0152439024390345,到期,20
300474.SZ,300474.SZ,2025-06-23,2025-07-21,68.74,73.66,7.157404713412863,到期,20
300474.SZ,300474.SZ,2025-10-23,2025-11-12,73.88,70.13,-5.075798592311857,止损,14
300474.SZ,300474.SZ,2025-11-13,2025-12-11,70.68,75.92,7.4136955291454365,到期,20
300474.SZ,300474.SZ,2025-12-03,2025-12-31,71.5,71.87,0.5174825174825238,到期,20
300474.SZ,300474.SZ,2025-12-31,2026-01-30,72.33,74.28,2.6959767731231894,到期,20
300476.SZ,300476.SZ,2026-01-21,2026-02-04,271.0,256.5,-5.350553505535055,止损,10
300476.SZ,300476.SZ,2026-02-24,2026-02-26,268.0,315.25,17.63059701492537,止盈,2
300496.SZ,300496.SZ,2025-12-11,2026-01-06,62.49,72.98,16.78668586973916,止盈,16
300529.SZ,300529.SZ,2025-05-15,2025-06-13,21.019,21.14,0.57566963223751,到期,20
300529.SZ,300529.SZ,2025-07-02,2025-07-30,21.62,24.37,12.719703977798336,到期,20
300529.SZ,300529.SZ,2025-10-20,2025-10-30,21.43,20.25,-5.5062995800279975,止损,8
300529.SZ,300529.SZ,2025-12-31,2026-01-30,19.66,20.01,1.7802644964394783,到期,20
300529.SZ,300529.SZ,2026-01-21,2026-02-26,20.24,19.8,-2.1739130434782497,到期,20
300558.SZ,300558.SZ,2025-04-29,2025-05-30,50.5466,56.7865,12.344846141975916,到期,20
300558.SZ,300558.SZ,2025-05-19,2025-05-30,49.0216,56.7865,15.839752272467642,止盈,9
300558.SZ,300558.SZ,2025-12-30,2026-01-29,46.73,47.48,1.6049646907768031,到期,20
300558.SZ,300558.SZ,2026-01-22,2026-02-27,47.7,46.0,-3.563941299790362,到期,20
300558.SZ,300558.SZ,2026-02-24,2026-03-03,45.82,42.45,-7.354866870362281,止损,5
300567.SZ,300567.SZ,2025-05-27,2025-06-25,57.02,59.7,4.700105226236408,到期,20
300567.SZ,300567.SZ,2025-06-19,2025-07-17,55.51,59.73,7.602233831742026,到期,20
300567.SZ,300567.SZ,2025-08-08,2025-08-26,58.08,67.83,16.787190082644628,止盈,12
300568.SZ,300568.SZ,2025-04-29,2025-05-08,9.07055,10.6437,17.343490747529092,止盈,4
300568.SZ,300568.SZ,2026-03-05,2026-03-13,13.43,15.47,15.189873417721525,止盈,6
300573.SZ,300573.SZ,2025-04-24,2025-04-29,49.199,57.3569,16.58143458200371,止盈,3
300573.SZ,300573.SZ,2025-06-20,2025-07-18,50.2628,54.7152,8.858241084857996,到期,20
300601.SZ,300601.SZ,2025-04-29,2025-05-30,13.7147,14.2017,3.5509343988567017,到期,20
300601.SZ,300601.SZ,2025-05-27,2025-06-25,13.6054,15.31,12.528848839431411,到期,20
300601.SZ,300601.SZ,2025-10-14,2025-11-11,16.45,17.5,6.3829787234042605,到期,20
300601.SZ,300601.SZ,2025-12-30,2026-01-26,14.78,17.17,16.170500676590002,止盈,17
300627.SZ,300627.SZ,2025-11-04,2025-12-02,31.3,30.54,-2.428115015974446,到期,20
300627.SZ,300627.SZ,2025-12-02,2025-12-30,30.55,34.04,11.423895253682483,到期,20
300628.SZ,300628.SZ,2025-04-29,2025-05-30,31.8549,33.2956,4.522695095573992,到期,20
300661.SZ,300661.SZ,2025-07-09,2025-08-06,69.33,77.2,11.351507284004045,到期,20
300661.SZ,300661.SZ,2025-09-09,2025-09-15,69.88,87.42,25.100171722953647,止盈,4
300661.SZ,300661.SZ,2025-12-15,2026-01-07,64.23,73.89,15.039701074264356,止盈,15
300676.SZ,300676.SZ,2025-06-20,2025-07-18,47.88,51.1,6.725146198830406,到期,20
300676.SZ,300676.SZ,2025-07-11,2025-08-08,49.3,52.18,5.841784989858017,到期,20
300676.SZ,300676.SZ,2025-09-05,2025-09-29,51.05,48.39,-5.210577864838387,止损,16
300676.SZ,300676.SZ,2025-10-17,2025-11-14,46.94,49.07,4.537707711972737,到期,20
300676.SZ,300676.SZ,2025-11-06,2025-12-03,47.76,44.65,-6.511725293132327,止损,19
300676.SZ,300676.SZ,2025-12-30,2026-01-12,45.35,54.7,20.617420066152153,止盈,7
300699.SZ,300699.SZ,2025-09-03,2025-10-09,30.15,30.97,2.7197346600331684,到期,20
300699.SZ,300699.SZ,2025-09-30,2025-10-17,30.45,28.5,-6.403940886699505,止损,7
300699.SZ,300699.SZ,2025-11-05,2025-12-03,28.28,29.61,4.7029702970296965,到期,20
300724.SZ,300724.SZ,2025-06-20,2025-07-18,52.22,55.72,6.702412868632708,到期,20
300748.SZ,300748.SZ,2025-04-21,2025-05-22,19.9871,19.9574,-0.14859584431959533,到期,20
300748.SZ,300748.SZ,2025-05-28,2025-06-11,19.6903,23.9499,21.632986800607398,止盈,9
300748.SZ,300748.SZ,2025-12-18,2026-01-09,32.72,37.8,15.525672371638139,止盈,14
300750.SZ,300750.SZ,2026-03-04,2026-03-11,344.58,396.8,15.154681061001806,止盈,5
300751.SZ,300751.SZ,2025-04-29,2025-05-08,69.0337,82.3474,19.28579809571267,止盈,4
300751.SZ,300751.SZ,2025-05-28,2025-06-13,69.6344,65.5371,-5.884017094999029,止损,11
300757.SZ,300757.SZ,2025-05-09,2025-06-09,133.978,144.426,7.798295242502484,到期,20
300757.SZ,300757.SZ,2025-06-03,2025-07-01,133.738,149.975,12.14090236133335,到期,20
300757.SZ,300757.SZ,2025-06-23,2025-06-30,128.968,149.945,16.26527510700329,止盈,5
300759.SZ,300759.SZ,2025-04-22,2025-05-23,22.317,23.0212,3.1554420397006773,到期,20
300759.SZ,300759.SZ,2025-05-19,2025-06-17,22.2277,24.0528,8.210926006739351,到期,20
300759.SZ,300759.SZ,2025-12-11,2026-01-12,29.03,31.55,8.680675163623835,到期,20
300759.SZ,300759.SZ,2025-12-31,2026-01-13,28.52,32.83,15.112201963534359,止盈,7
300759.SZ,300759.SZ,2026-02-03,2026-03-03,29.41,26.98,-8.262495749744984,止损,14
300760.SZ,300760.SZ,2025-04-28,2025-05-29,211.085,224.968,6.576971362247427,到期,20
300760.SZ,300760.SZ,2025-12-11,2026-01-12,195.75,208.03,6.273307790549171,到期,20
300760.SZ,300760.SZ,2025-12-31,2026-01-30,190.46,189.26,-0.6300535545521458,到期,20
300760.SZ,300760.SZ,2026-01-28,2026-03-04,188.07,175.75,-6.550752379433186,止损,19
300763.SZ,300763.SZ,2025-04-17,2025-05-12,49.2007,56.8712,15.590225342322375,止盈,14
300763.SZ,300763.SZ,2025-12-11,2026-01-12,71.87,75.8,5.468206483929306,到期,20
300763.SZ,300763.SZ,2025-12-31,2026-01-23,71.87,84.7,17.85167663837484,止盈,15
300782.SZ,300782.SZ,2025-04-29,2025-05-22,75.26,71.2,-5.394631942598993,止损,14
300782.SZ,300782.SZ,2025-05-28,2025-06-26,69.86,69.91,0.07157171485828394,到期,20
300782.SZ,300782.SZ,2025-07-15,2025-08-12,71.92,77.18,7.313681868743055,到期,20
300782.SZ,300782.SZ,2025-12-11,2025-12-17,68.5,78.78,15.007299270072993,止盈,4
300803.SZ,300803.SZ,2025-11-27,2025-12-25,122.162,134.483,10.085787724496978,到期,20
300832.SZ,300832.SZ,2025-05-09,2025-05-30,51.1053,59.99,17.385085304263946,止盈,15
300832.SZ,300832.SZ,2025-08-08,2025-09-03,55.07,64.82,17.7047394225531,止盈,18
300832.SZ,300832.SZ,2025-12-15,2026-01-14,57.88,58.95,1.8486523842432625,到期,20
300866.SZ,300866.SZ,2025-11-04,2025-11-14,113.95,107.7,-5.484861781483106,止损,8
300866.SZ,300866.SZ,2026-01-14,2026-01-28,105.86,100.45,-5.1105233327035675,止损,10
300896.SZ,300896.SZ,2025-06-03,2025-07-01,173.343,172.151,-0.6876539577600358,到期,20
300896.SZ,300896.SZ,2025-06-23,2025-07-21,171.853,176.343,2.6126980617155247,到期,20
300896.SZ,300896.SZ,2025-07-15,2025-08-12,173.363,185.314,6.893627821392104,到期,20
300896.SZ,300896.SZ,2025-12-30,2026-01-29,141.76,144.38,1.8481941309255112,到期,20
300896.SZ,300896.SZ,2026-01-27,2026-03-04,137.49,139.14,1.2000872790748252,到期,20
300919.SZ,300919.SZ,2025-04-29,2025-05-30,31.1646,30.8994,-0.850965518569146,到期,20
300919.SZ,300919.SZ,2025-05-30,2025-06-30,31.4265,32.6995,4.050721524827772,到期,20
300919.SZ,300919.SZ,2025-12-19,2026-01-06,41.75,51.04,22.25149700598802,止盈,10
301236.SZ,301236.SZ,2025-04-28,2025-05-28,55.246,51.9223,-6.016182167034721,止损,19
301236.SZ,301236.SZ,2025-05-28,2025-06-26,52.1119,54.56,4.697775364168268,到期,20
301236.SZ,301236.SZ,2025-06-20,2025-07-18,52.13,56.0,7.423748321503927,到期,20
301236.SZ,301236.SZ,2025-07-15,2025-08-12,53.5,54.28,1.4579439252336468,到期,20
301236.SZ,301236.SZ,2025-09-29,2025-10-14,55.55,51.98,-6.426642664266427,止损,5
301236.SZ,301236.SZ,2025-11-13,2025-12-02,49.97,47.08,-5.783470082049231,止损,13
301236.SZ,301236.SZ,2025-12-23,2026-01-12,46.59,54.39,16.741790083708942,止盈,12
301236.SZ,301236.SZ,2026-02-06,2026-03-16,46.96,45.54,-3.0238500851788794,到期,20
301358.SZ,301358.SZ,2025-05-30,2025-06-24,27.59,32.23,16.817687567959393,止盈,16
301358.SZ,301358.SZ,2026-02-04,2026-02-25,60.29,70.74,17.332891026704257,止盈,9
600000.SS,600000.SS,2025-11-03,2025-12-01,11.64,11.54,-0.8591065292096343,到期,20
600000.SS,600000.SS,2025-12-10,2026-01-09,11.41,11.54,1.1393514460999037,到期,20
600004.SS,600004.SS,2026-01-16,2026-02-13,9.49,9.37,-1.2644889357218227,到期,20
600007.SS,600007.SS,2025-05-26,2025-06-24,20.641,20.5555,-0.41422411704859113,到期,20
600007.SS,600007.SS,2025-06-23,2025-07-21,20.5935,20.72,0.614271493432394,到期,20
600007.SS,600007.SS,2025-09-03,2025-10-09,20.69,20.2,-2.3682938617689797,到期,20
600007.SS,600007.SS,2025-10-13,2025-11-10,20.23,20.7,2.323282254078096,到期,20
600007.SS,600007.SS,2026-01-16,2026-02-13,19.67,20.56,4.524656837824082,到期,20
600008.SS,600008.SS,2026-01-16,2026-02-13,3.02,3.02,0.0,到期,20
600009.SS,600009.SS,2025-04-15,2025-05-16,32.094,32.035,-0.18383498473236307,到期,20
600009.SS,600009.SS,2025-07-22,2025-08-19,31.907,31.6601,-0.7738113893502997,到期,20
600009.SS,600009.SS,2025-09-04,2025-10-10,31.7197,31.67,-0.15668496234200782,到期,20
600009.SS,600009.SS,2025-10-29,2025-11-26,31.95,31.74,-0.6572769953051669,到期,20
600009.SS,600009.SS,2025-12-16,2026-01-15,31.8,31.81,0.031446540880496886,到期,20
600009.SS,600009.SS,2026-01-16,2026-02-13,31.72,30.75,-3.058007566204284,到期,20
600010.SS,600010.SS,2025-04-29,2025-05-30,1.74802,1.73803,-0.5715037585382287,到期,20
600010.SS,600010.SS,2025-06-05,2025-07-03,1.75801,1.82,3.5261460401249134,到期,20
600010.SS,600010.SS,2025-12-31,2026-01-30,2.39,2.51,5.020920502092036,到期,20
600010.SS,600010.SS,2026-02-05,2026-02-25,2.41,2.93,21.576763485477176,止盈,8
600011.SS,600011.SS,2025-07-17,2025-08-14,7.08,7.24,2.25988700564972,到期,20
600018.SS,600018.SS,2025-04-30,2025-06-03,5.32198,5.63107,5.80780085607237,到期,20
600018.SS,600018.SS,2025-08-19,2025-09-16,5.68782,5.559,-2.264839604628841,到期,20
600018.SS,600018.SS,2025-11-28,2025-12-26,5.48964,5.46982,-0.3610437114273301,到期,20
600019.SS,600019.SS,2025-04-24,2025-05-27,6.48525,6.50461,0.2985235727227142,到期,20
600019.SS,600019.SS,2025-06-10,2025-07-08,6.58382,7.03584,6.865619047908359,到期,20
600019.SS,600019.SS,2025-09-25,2025-10-31,6.79,7.37,8.5419734904271,到期,20
600019.SS,600019.SS,2026-01-16,2026-02-13,7.15,6.92,-3.216783216783223,到期,20
600026.SS,600026.SS,2025-04-23,2025-05-26,9.95184,9.99102,0.3936960401292624,到期,20
600026.SS,600026.SS,2025-06-11,2025-07-09,10.2849,10.0498,-2.2858754095810454,到期,20
600026.SS,600026.SS,2025-12-31,2026-01-12,11.64,13.63,17.096219931271477,止盈,6
600028.SS,600028.SS,2025-05-12,2025-06-10,5.51756,5.52717,0.1741711916136905,到期,20
600028.SS,600028.SS,2025-08-19,2025-09-16,5.63059,5.48,-2.6744976991753857,到期,20
600029.SS,600029.SS,2025-04-15,2025-05-16,5.7,5.97,4.73684210526315,到期,20
600029.SS,600029.SS,2025-06-23,2025-07-21,5.86,5.73,-2.2184300341296908,到期,20
600029.SS,600029.SS,2025-09-04,2025-10-10,5.89,6.09,3.395585738539901,到期,20
600030.SS,600030.SS,2025-06-03,2025-07-01,25.43,26.8722,5.671254423908769,到期,20
600030.SS,600030.SS,2025-10-22,2025-11-19,29.2457,28.0086,-4.230023559018926,到期,20
600030.SS,600030.SS,2026-01-27,2026-03-04,27.6127,26.14,-5.333415421164898,止损,20
600031.SS,600031.SS,2025-12-25,2026-01-26,20.63,23.05,11.730489578284061,到期,20
600036.SS,600036.SS,2025-04-30,2025-06-03,39.0457,41.0826,5.216707601605306,到期,20
600036.SS,600036.SS,2025-10-10,2025-11-07,39.0775,41.4364,6.036465997057126,到期,20
600036.SS,600036.SS,2025-10-31,2025-11-28,40.101,41.8653,4.399640906710553,到期,20
600038.SS,600038.SS,2025-06-24,2025-07-22,37.06,39.3,6.044252563410671,到期,20
600038.SS,600038.SS,2025-10-10,2025-11-07,36.5,35.97,-1.452054794520551,到期,20
600039.SS,600039.SS,2025-08-22,2025-09-19,8.33977,8.56894,2.7479175085164202,到期,20
600039.SS,600039.SS,2025-09-18,2025-10-24,8.36966,8.83,5.5001039468747885,到期,20
600039.SS,600039.SS,2025-10-09,2025-10-31,7.95118,9.48,19.227586345674485,止盈,16
600048.SS,600048.SS,2025-06-13,2025-07-11,7.92766,8.08426,1.975362212809329,到期,20
600048.SS,600048.SS,2025-07-18,2025-08-15,7.88851,7.9766,1.1166874352697813,到期,20
600048.SS,600048.SS,2025-08-21,2025-09-18,8.0,7.76,-3.0000000000000027,到期,20
600048.SS,600048.SS,2025-09-18,2025-10-24,7.77,7.49,-3.603603603603595,到期,20
600048.SS,600048.SS,2026-01-05,2026-02-02,6.3,6.63,5.23809523809524,到期,20
600050.SS,600050.SS,2025-09-29,2025-11-04,5.3702,5.43,1.1135525678745686,到期,20
600050.SS,600050.SS,2025-12-31,2026-01-30,5.15,5.11,-0.7766990291262142,到期,20
600066.SS,600066.SS,2025-04-11,2025-05-14,24.5031,25.1132,2.4898890344486992,到期,20
600066.SS,600066.SS,2025-05-20,2025-06-18,23.9829,23.9829,0.0,到期,20
600085.SS,600085.SS,2025-04-18,2025-05-21,35.7546,37.0862,3.724276037209183,到期,20
600085.SS,600085.SS,2025-07-31,2025-08-28,36.0,36.08,0.2222222222222175,到期,20
600085.SS,600085.SS,2025-11-06,2025-12-04,33.82,33.25,-1.6853932584269673,到期,20
600085.SS,600085.SS,2025-12-12,2026-01-13,32.02,32.41,1.2179887570268377,到期,20
600089.SS,600089.SS,2025-05-09,2025-06-09,11.5828,11.475,-0.930690333943442,到期,20
600104.SS,600104.SS,2025-04-11,2025-05-14,15.4123,16.5964,7.682824756850041,到期,20
600104.SS,600104.SS,2025-06-06,2025-07-04,15.2133,16.9745,11.576712481841538,到期,20
600104.SS,600104.SS,2025-12-09,2026-01-08,15.28,15.37,0.5890052356020933,到期,20
600104.SS,600104.SS,2025-12-31,2026-01-27,15.23,14.38,-5.58108995403808,止损,17
600111.SS,600111.SS,2025-11-27,2025-12-25,45.9,46.03,0.2832244008714653,到期,20
600111.SS,600111.SS,2025-12-18,2026-01-12,44.13,52.48,18.92136868343529,止盈,15
600115.SS,600115.SS,2025-04-15,2025-05-16,3.79,3.79,0.0,到期,20
600115.SS,600115.SS,2025-05-09,2025-06-09,3.79,3.97,4.749340369393145,到期,20
600115.SS,600115.SS,2025-08-13,2025-09-10,3.85,4.11,6.75324675324676,到期,20
600118.SS,600118.SS,2025-05-26,2025-06-24,26.4105,26.9403,2.006020332822179,到期,20
600143.SS,600143.SS,2025-06-03,2025-07-01,10.2177,10.3,0.8054650263757991,到期,20
600143.SS,600143.SS,2025-12-18,2026-01-09,17.61,20.92,18.796138557637722,止盈,14
600150.SS,600150.SS,2025-11-18,2025-12-16,34.03,32.81,-3.5850719952982626,到期,20
600150.SS,600150.SS,2025-12-08,2026-01-07,34.33,34.47,0.4078065831634156,到期,20
600150.SS,600150.SS,2025-12-31,2026-01-30,33.41,33.54,0.3891050583657664,到期,20
600150.SS,600150.SS,2026-01-30,2026-03-04,33.4,38.56,15.449101796407197,止盈,17
600153.SS,600153.SS,2025-05-22,2025-06-20,9.68566,9.67587,-0.10107726267493007,到期,20
600153.SS,600153.SS,2025-06-23,2025-07-21,9.82277,10.1851,3.688674375965232,到期,20
600153.SS,600153.SS,2025-11-03,2025-12-01,9.9207,9.54855,-3.751247391817105,到期,20
600153.SS,600153.SS,2025-12-31,2026-01-30,9.19599,9.34289,1.5974354039097527,到期,20
600153.SS,600153.SS,2026-01-27,2026-03-04,9.13723,9.37,2.5474897753476555,到期,20
600157.SS,600157.SS,2025-04-24,2025-05-27,1.36,1.34,-1.4705882352941189,到期,20
600157.SS,600157.SS,2025-12-18,2026-01-19,1.6,1.62,1.250000000000001,到期,20
600157.SS,600157.SS,2026-02-03,2026-03-02,1.6,1.91,19.37499999999999,止盈,13
600160.SS,600160.SS,2025-04-10,2025-05-07,23.6877,27.3296,15.374645913279886,止盈,16
600160.SS,600160.SS,2025-12-02,2025-12-30,33.6914,38.2712,13.59337991297482,到期,20
600208.SS,600208.SS,2025-05-27,2025-06-25,2.51,2.8,11.553784860557771,到期,20
600208.SS,600208.SS,2025-06-19,2025-06-27,2.58,2.98,15.503875968992245,止盈,6
600208.SS,600208.SS,2025-12-18,2026-01-19,3.84,3.94,2.604166666666669,到期,20
600312.SS,600312.SS,2025-09-22,2025-10-28,15.721,17.2,9.407798486101388,到期,20
600438.SS,600438.SS,2025-05-09,2025-06-09,16.65,16.27,-2.2822822822822766,到期,20
600438.SS,600438.SS,2025-12-11,2026-01-12,21.4,21.27,-0.6074766355140141,到期,20
600438.SS,600438.SS,2026-01-05,2026-01-15,21.11,20.02,-5.163429654192325,止损,8
600460.SS,600460.SS,2025-12-16,2026-01-15,27.23,29.45,8.152772677194267,到期,20
600482.SS,600482.SS,2025-10-17,2025-11-14,21.6751,20.44,-5.698243606719227,止损,20
600482.SS,600482.SS,2025-11-18,2025-12-16,20.3005,19.62,-3.352134183887089,到期,20
600482.SS,600482.SS,2025-12-08,2026-01-06,20.0,23.27,16.349999999999998,止盈,19
600486.SS,600486.SS,2025-11-25,2025-12-23,61.9,66.62,7.625201938610672,到期,20
600486.SS,600486.SS,2025-12-17,2026-01-16,64.8,68.67,5.972222222222229,到期,20
600487.SS,600487.SS,2025-05-27,2025-06-25,14.8732,15.0111,0.9271710190140664,到期,20
600487.SS,600487.SS,2025-12-16,2025-12-19,19.88,23.76,19.517102615694178,止盈,3
600497.SS,600497.SS,2025-05-30,2025-06-30,5.01018,5.26631,5.112191577947294,到期,20
600498.SS,600498.SS,2025-06-20,2025-07-18,19.9,21.79,9.497487437185933,到期,20
600498.SS,600498.SS,2025-12-04,2025-12-19,23.29,27.58,18.41992271361099,止盈,11
600511.SS,600511.SS,2025-04-29,2025-05-30,28.2373,29.2006,3.41144514525114,到期,20
600511.SS,600511.SS,2025-07-31,2025-08-28,29.7,29.72,0.0673400673400659,到期,20
600511.SS,600511.SS,2025-10-20,2025-11-17,29.38,29.88,1.7018379850238259,到期,20
600515.SS,600515.SS,2025-06-05,2025-07-03,3.38533,3.53512,4.424679425639446,到期,20
600515.SS,600515.SS,2026-01-15,2026-02-12,4.63,4.45,-3.887688984881203,到期,20
600516.SS,600516.SS,2025-04-30,2025-06-03,4.63004,4.58026,-1.0751526984648114,到期,20
600516.SS,600516.SS,2025-07-16,2025-08-13,4.7,4.88,3.8297872340425467,到期,20
600516.SS,600516.SS,2026-01-22,2026-02-02,5.81,5.44,-6.368330464715993,止损,7
600516.SS,600516.SS,2026-02-13,2026-03-02,5.65,6.52,15.39823008849556,止盈,5
600519.SS,600519.SS,2025-11-07,2025-12-05,1410.98,1406.07,-0.34798508837829606,到期,20
600519.SS,600519.SS,2025-12-30,2026-01-29,1385.0,1437.72,3.80649819494585,到期,20
600519.SS,600519.SS,2026-01-27,2026-02-05,1335.0,1555.0,16.479400749063668,止盈,7
600521.SS,600521.SS,2025-05-09,2025-05-23,14.0816,16.5421,17.47315645949325,止盈,10
600521.SS,600521.SS,2025-11-07,2025-11-21,18.2,16.8,-7.6923076923076845,止损,10
600521.SS,600521.SS,2025-12-17,2026-01-16,17.24,17.03,-1.2180974477958082,到期,20
600521.SS,600521.SS,2026-01-21,2026-01-30,16.77,15.72,-6.261180679785324,止损,7
600522.SS,600522.SS,2025-05-27,2025-06-25,12.9728,13.6777,5.433676615688212,到期,20
600522.SS,600522.SS,2025-06-20,2025-07-18,13.4623,13.7756,2.327239773292824,到期,20
600529.SS,600529.SS,2025-06-16,2025-07-14,21.0775,21.8652,3.7371604791839688,到期,20
600529.SS,600529.SS,2025-12-31,2026-01-30,20.37,20.45,0.3927344133529616,到期,20
600547.SS,600547.SS,2025-12-10,2026-01-08,35.78,41.38,15.651201788708779,止盈,19
600563.SS,600563.SS,2025-12-22,2026-01-21,102.93,115.59,12.29962110171961,到期,20
600570.SS,600570.SS,2025-04-28,2025-05-29,25.3969,26.1342,2.9031102221137273,到期,20
600570.SS,600570.SS,2025-05-27,2025-06-16,25.1478,30.53,21.402269781054407,止盈,13
600570.SS,600570.SS,2025-10-22,2025-11-04,32.2,30.26,-6.024844720496898,止损,9
600570.SS,600570.SS,2025-12-03,2025-12-31,28.38,30.15,6.236786469344607,到期,20
600570.SS,600570.SS,2025-12-23,2026-01-14,29.65,35.13,18.482293423271514,止盈,14
600580.SS,600580.SS,2025-06-03,2025-06-20,19.3169,18.1178,-6.207517769414355,止损,13
600580.SS,600580.SS,2025-12-18,2025-12-30,40.96,49.63,21.166992187500004,止盈,8
600584.SS,600584.SS,2025-04-28,2025-05-29,32.9028,32.5444,-1.0892689983831043,到期,20
600584.SS,600584.SS,2025-06-03,2025-07-01,32.2856,33.9462,5.143469534405416,到期,20
600584.SS,600584.SS,2025-12-18,2026-01-12,36.05,43.68,21.16504854368933,止盈,15
600585.SS,600585.SS,2025-11-06,2025-12-04,23.41,22.7,-3.0328919265271286,到期,20
600585.SS,600585.SS,2025-12-31,2026-01-30,22.09,24.52,11.000452693526482,到期,20
600588.SS,600588.SS,2025-05-23,2025-06-23,12.9,12.72,-1.3953488372093001,到期,20
600588.SS,600588.SS,2025-06-20,2025-07-15,12.3,14.44,17.398373983739827,止盈,17
600588.SS,600588.SS,2025-07-10,2025-07-31,12.94,15.84,22.411128284389495,止盈,15
600588.SS,600588.SS,2025-11-14,2025-12-03,14.2,13.35,-5.985915492957744,止损,13
600637.SS,600637.SS,2025-06-10,2025-07-08,7.29641,7.30611,0.1329420906994054,到期,20
600637.SS,600637.SS,2025-07-15,2025-08-12,7.48602,7.81409,4.382435526488044,到期,20
600655.SS,600655.SS,2025-05-16,2025-06-16,5.41592,5.64803,4.285698459356868,到期,20
600655.SS,600655.SS,2025-06-10,2025-07-08,5.54164,5.55,0.15085786878973917,到期,20
600655.SS,600655.SS,2025-10-20,2025-11-03,5.79,5.47,-5.526770293609676,止损,10
600655.SS,600655.SS,2025-12-31,2026-01-30,5.18,5.59,7.915057915057918,到期,20
600655.SS,600655.SS,2026-01-21,2026-02-02,5.33,5.05,-5.253283302063794,止损,8
600660.SS,600660.SS,2025-08-18,2025-09-03,57.3559,67.8497,18.295938168523204,止盈,12
600660.SS,600660.SS,2025-11-27,2025-12-11,64.8,61.5,-5.092592592592588,止损,10
600660.SS,600660.SS,2025-12-29,2026-01-28,63.03,62.11,-1.4596224020307818,到期,20
600660.SS,600660.SS,2026-01-26,2026-03-03,61.16,59.84,-2.158273381294953,到期,20
600667.SS,600667.SS,2025-04-29,2025-05-30,6.26364,6.23409,-0.4717704082610036,到期,20
600667.SS,600667.SS,2025-05-28,2025-06-26,6.20455,6.48,4.439483927118005,到期,20
600673.SS,600673.SS,2025-12-04,2025-12-10,20.74,24.12,16.297010607521713,止盈,4
600674.SS,600674.SS,2025-07-18,2025-08-15,16.06,15.32,-4.607721046077201,到期,20
600674.SS,600674.SS,2025-10-09,2025-11-06,14.57,15.02,3.088538091969796,到期,20
600674.SS,600674.SS,2026-01-16,2026-02-13,14.12,13.85,-1.9121813031161443,到期,20
600690.SS,600690.SS,2025-05-08,2025-06-06,24.6144,23.7166,-3.6474583983359343,到期,20
600690.SS,600690.SS,2025-06-30,2025-07-28,23.6593,25.3939,7.331577857333044,到期,20
600690.SS,600690.SS,2025-10-29,2025-11-26,25.9879,27.4,5.433682598440039,到期,20
600699.SS,600699.SS,2025-12-15,2025-12-31,27.07,31.36,15.84780199482822,止盈,12
600704.SS,600704.SS,2025-12-30,2026-01-29,5.487,5.9,7.5268817204301115,到期,20
600745.SS,600745.SS,2025-12-11,2026-01-12,38.31,39.96,4.3069694596711,到期,20
600745.SS,600745.SS,2026-01-05,2026-02-02,37.85,35.46,-6.314398943196831,止损,20
600754.SS,600754.SS,2025-10-29,2025-11-11,22.18,26.27,18.44003606853021,止盈,9
600760.SS,600760.SS,2025-04-30,2025-06-03,44.0476,49.2567,11.826069978841069,到期,20
600760.SS,600760.SS,2026-02-02,2026-03-10,54.2542,54.39,0.2503032023327286,到期,20
600763.SS,600763.SS,2025-05-09,2025-06-09,40.8625,42.0594,2.9290914652799005,到期,20
600763.SS,600763.SS,2025-06-23,2025-07-21,40.75,42.38,4.000000000000006,到期,20
600763.SS,600763.SS,2025-11-06,2025-12-04,42.43,41.58,-2.0032995522036328,到期,20
600763.SS,600763.SS,2025-12-30,2026-01-15,40.25,46.7,16.0248447204969,止盈,10
600765.SS,600765.SS,2025-04-29,2025-05-30,14.9477,16.0593,7.436595596646983,到期,20
600765.SS,600765.SS,2025-09-26,2025-11-03,15.94,15.79,-0.9410288582183209,到期,20
600765.SS,600765.SS,2025-10-22,2025-11-19,15.9,16.49,3.710691823899359,到期,20
600765.SS,600765.SS,2025-11-21,2025-12-19,16.05,18.04,12.398753894080986,到期,20
600803.SS,600803.SS,2025-04-18,2025-05-21,18.1185,18.372,1.399122443910914,到期,20
600803.SS,600803.SS,2025-09-30,2025-11-05,17.7967,19.91,11.874673394505715,到期,20
600803.SS,600803.SS,2025-10-28,2025-11-25,18.33,20.77,13.311511183851618,到期,20
600803.SS,600803.SS,2026-02-02,2026-03-03,19.23,24.05,25.065002600104002,止盈,15
600803.SS,600803.SS,2026-02-26,2026-03-03,19.87,24.05,21.03673880221439,止盈,3
600816.SS,600816.SS,2025-05-12,2025-06-10,2.73,2.73,0.0,到期,20
600816.SS,600816.SS,2025-06-03,2025-06-19,2.75,2.61,-5.090909090909095,止损,12
600816.SS,600816.SS,2026-01-05,2026-02-02,2.84,2.8,-1.4084507042253533,到期,20
600816.SS,600816.SS,2026-02-02,2026-03-10,2.83,2.74,-3.1802120141342707,到期,20
600820.SS,600820.SS,2025-05-27,2025-06-25,5.73767,5.87155,2.3333513429667523,到期,20
600820.SS,600820.SS,2025-10-17,2025-11-14,6.63482,6.63,-0.07264703488565613,到期,20
600820.SS,600820.SS,2025-11-27,2025-12-25,6.34,6.57,3.6277602523659374,到期,20
600839.SS,600839.SS,2025-07-10,2025-08-07,9.68212,9.99,3.179882091938551,到期,20
600839.SS,600839.SS,2025-08-04,2025-08-19,9.78,11.67,19.325153374233135,止盈,11
600839.SS,600839.SS,2025-11-14,2025-11-26,10.01,9.5,-5.094905094905093,止损,8
600845.SS,600845.SS,2025-04-28,2025-05-29,25.3339,25.1777,-0.6165651557794036,到期,20
600845.SS,600845.SS,2025-05-28,2025-06-20,24.455,22.9,-6.358617869556326,止损,16
600845.SS,600845.SS,2025-07-11,2025-08-08,23.69,24.44,3.1658927817644575,到期,20
600845.SS,600845.SS,2025-09-29,2025-11-04,23.22,23.07,-0.6459948320413376,到期,20
600845.SS,600845.SS,2025-10-30,2025-11-26,23.04,21.8,-5.3819444444444375,止损,19
600859.SS,600859.SS,2025-07-16,2025-08-13,13.64,14.08,3.2258064516128995,到期,20
600859.SS,600859.SS,2025-10-28,2025-11-25,13.87,14.45,4.18168709444845,到期,20
600859.SS,600859.SS,2025-11-21,2025-12-19,14.09,15.52,10.149041873669267,到期,20
600859.SS,600859.SS,2025-12-12,2026-01-13,14.38,15.52,7.927677329624469,到期,20
600859.SS,600859.SS,2026-02-02,2026-03-02,14.34,13.41,-6.485355648535562,止损,14
600862.SS,600862.SS,2025-04-29,2025-05-30,22.5671,23.1907,2.7633147369400577,到期,20
600862.SS,600862.SS,2025-10-22,2025-11-19,22.88,21.85,-4.501748251748242,到期,20
600862.SS,600862.SS,2025-12-16,2025-12-29,21.01,24.31,15.7068062827225,止盈,9
600864.SS,600864.SS,2025-04-30,2025-06-03,5.65305,5.69272,0.7017450756671036,到期,20
600864.SS,600864.SS,2025-06-20,2025-07-11,5.55387,6.82,22.79725668767905,止盈,15
600864.SS,600864.SS,2025-12-31,2026-01-30,6.71,6.53,-2.6825633383010388,到期,20
600867.SS,600867.SS,2025-04-23,2025-05-26,7.2212,7.4148,2.680994848501634,到期,20
600867.SS,600867.SS,2026-01-16,2026-02-13,8.64,8.7,0.6944444444444295,到期,20
600879.SS,600879.SS,2025-04-30,2025-05-13,8.35281,9.62562,15.238105499825805,止盈,6
600885.SS,600885.SS,2025-05-19,2025-06-17,22.817,22.2478,-2.4946311960380356,到期,20
600886.SS,600886.SS,2025-07-17,2025-08-14,14.5114,14.76,1.7131358793775908,到期,20
600886.SS,600886.SS,2025-10-09,2025-11-06,13.48,14.69,8.976261127596432,到期,20
600886.SS,600886.SS,2026-01-16,2026-02-13,13.38,12.78,-4.484304932735436,到期,20
600887.SS,600887.SS,2025-07-15,2025-08-12,27.0834,27.0145,-0.25439937378615424,到期,20
600887.SS,600887.SS,2025-08-22,2025-09-19,27.6243,27.2407,-1.388632472135045,到期,20
600887.SS,600887.SS,2025-11-06,2025-12-04,26.8474,28.5093,6.1901711152662795,到期,20
600893.SS,600893.SS,2025-04-30,2025-06-03,33.9089,35.385,4.353134427834566,到期,20
600893.SS,600893.SS,2025-12-11,2026-01-07,36.88,42.61,15.536876355748364,止盈,17
600895.SS,600895.SS,2025-12-22,2026-01-07,39.06,46.83,19.892473118279558,止盈,10
600900.SS,600900.SS,2025-04-07,2025-05-08,27.3545,28.3709,3.715659215119989,到期,20
600905.SS,600905.SS,2025-07-18,2025-08-15,4.30191,4.21331,-2.05955029277694,到期,20
600905.SS,600905.SS,2025-09-30,2025-11-05,4.26,4.27,0.2347417840375537,到期,20
600905.SS,600905.SS,2025-10-28,2025-11-25,4.3,4.18,-2.7906976744186074,到期,20
600938.SS,600938.SS,2025-04-11,2025-05-14,23.5394,24.5115,4.129671954255423,到期,20
600938.SS,600938.SS,2025-05-12,2025-06-10,24.0445,25.2453,4.994073488739633,到期,20
600938.SS,600938.SS,2025-08-29,2025-09-26,25.354,25.8316,1.8837264336988342,到期,20
600938.SS,600938.SS,2025-09-30,2025-11-05,25.7341,27.79,7.98901069009601,到期,20
600938.SS,600938.SS,2025-10-20,2025-11-17,26.21,28.96,10.492178557802365,到期,20
600941.SS,600941.SS,2025-04-07,2025-05-08,103.477,108.671,5.019472926350786,到期,20
600989.SS,600989.SS,2025-04-17,2025-05-20,14.4766,16.436,13.534946050868301,到期,20
600998.SS,600998.SS,2025-10-20,2025-11-17,4.97,5.12,3.018108651911476,到期,20
600998.SS,600998.SS,2025-11-28,2025-12-26,4.97,5.13,3.2193158953722363,到期,20
601000.SS,601000.SS,2025-05-08,2025-06-06,3.92657,4.05,3.1434559933988173,到期,20
601000.SS,601000.SS,2025-10-10,2025-11-07,3.89,4.06,4.370179948586104,到期,20
601000.SS,601000.SS,2025-12-31,2026-01-30,3.85,4.28,11.168831168831172,到期,20
601006.SS,601006.SS,2026-02-03,2026-03-11,4.99,5.36,7.414829659318639,到期,20
601012.SS,601012.SS,2025-04-30,2025-06-03,14.82,14.35,-3.171390013495281,到期,20
601012.SS,601012.SS,2025-06-23,2025-07-21,14.55,16.31,12.096219931271463,到期,20
601012.SS,601012.SS,2026-01-09,2026-02-06,18.1,18.36,1.436464088397779,到期,20
601012.SS,601012.SS,2026-02-03,2026-03-11,18.4,18.79,2.1195652173913078,到期,20
601018.SS,601018.SS,2025-09-19,2025-10-27,3.68124,3.84,4.312677250057047,到期,20
601018.SS,601018.SS,2026-01-22,2026-02-27,3.69,4.27,15.718157181571806,止盈,20
601021.SS,601021.SS,2025-09-04,2025-10-10,52.3726,52.5214,0.28411803118424783,到期,20
601021.SS,601021.SS,2025-10-13,2025-11-10,51.7675,58.4,12.812092529096441,到期,20
601021.SS,601021.SS,2025-12-12,2026-01-13,52.59,57.72,9.754706217912142,到期,20
601058.SS,601058.SS,2025-04-22,2025-05-23,11.9036,12.3895,4.081958399139748,到期,20
601058.SS,601058.SS,2026-02-02,2026-03-03,15.7,14.69,-6.433121019108279,止损,15
601088.SS,601088.SS,2025-09-15,2025-10-21,37.471,40.8633,9.05313442395454,到期,20
601088.SS,601088.SS,2026-01-07,2026-02-04,41.4,42.42,2.463768115942037,到期,20
601088.SS,601088.SS,2026-02-02,2026-03-03,39.65,45.81,15.535939470365708,止盈,15
601100.SS,601100.SS,2025-06-03,2025-07-01,65.7611,70.5563,7.291848828562773,到期,20
601100.SS,601100.SS,2025-06-23,2025-07-18,66.1459,76.137,15.104639894536174,止盈,19
601111.SS,601111.SS,2025-04-08,2025-05-09,6.92,7.3,5.491329479768785,到期,20
601111.SS,601111.SS,2025-08-22,2025-09-19,7.53,7.84,4.116865869853912,到期,20
601117.SS,601117.SS,2025-10-20,2025-11-17,7.43644,7.79244,4.787236903679716,到期,20
601117.SS,601117.SS,2025-12-31,2026-01-20,7.46611,8.69233,16.423813739685063,止盈,12
601127.SS,601127.SS,2025-08-15,2025-09-04,128.167,148.02,15.489946710151607,止盈,14
601127.SS,601127.SS,2025-12-15,2026-01-14,122.0,121.7,-0.24590163934426,到期,20
601127.SS,601127.SS,2026-01-05,2026-01-22,121.35,115.12,-5.133910177173457,止损,13
601155.SS,601155.SS,2025-05-28,2025-06-26,12.5,14.05,12.400000000000006,到期,20
601155.SS,601155.SS,2025-11-03,2025-12-01,14.07,15.16,7.746979388770432,到期,20
601155.SS,601155.SS,2025-12-18,2026-01-19,13.9,14.63,5.251798561151082,到期,20
601166.SS,601166.SS,2025-10-10,2025-11-07,19.0771,20.5528,7.735452453465147,到期,20
601166.SS,601166.SS,2025-10-30,2025-11-27,19.6985,20.7664,5.421224966368006,到期,20
601179.SS,601179.SS,2025-04-22,2025-05-23,6.14319,6.1234,-0.3221453349155655,到期,20
601179.SS,601179.SS,2025-05-27,2025-06-25,6.17286,6.00469,-2.7243449551747476,到期,20
601179.SS,601179.SS,2025-07-04,2025-07-22,6.09372,7.41548,21.690527296954887,止盈,12
601186.SS,601186.SS,2025-06-20,2025-07-18,7.56841,8.04143,6.249925677916498,到期,20
601211.SS,601211.SS,2025-10-13,2025-11-10,18.691,20.03,7.163875662083368,到期,20
601211.SS,601211.SS,2025-11-27,2025-12-25,19.21,20.74,7.964601769911492,到期,20
601216.SS,601216.SS,2025-09-23,2025-10-29,5.19,5.2,0.19267822736030416,到期,20
601216.SS,601216.SS,2025-11-06,2025-11-21,5.34,4.94,-7.490636704119841,止损,11
601216.SS,601216.SS,2025-12-31,2026-01-14,4.85,5.67,16.90721649484537,止盈,8
601225.SS,601225.SS,2025-04-10,2025-05-13,18.0179,18.4047,2.1467540612390863,到期,20
601225.SS,601225.SS,2026-01-23,2026-03-02,21.41,24.81,15.880429705744973,止盈,20
601238.SS,601238.SS,2025-04-28,2025-05-29,7.79915,7.78917,-0.12796266259784278,到期,20
601238.SS,601238.SS,2025-07-14,2025-08-11,7.52,7.63,1.4627659574468128,到期,20
601238.SS,601238.SS,2025-08-14,2025-09-11,7.57,7.77,2.6420079260237683,到期,20
601238.SS,601238.SS,2025-09-04,2025-10-10,7.63,7.64,0.1310615989515044,到期,20
601238.SS,601238.SS,2025-10-13,2025-11-10,7.81,7.92,1.4084507042253562,到期,20
601238.SS,601238.SS,2025-11-05,2025-11-28,7.85,9.25,17.834394904458602,止盈,17
601288.SS,601288.SS,2026-01-09,2026-01-19,7.5,7.1,-5.3333333333333375,止损,6
601318.SS,601318.SS,2025-05-06,2025-06-04,48.7578,51.3864,5.391137418013115,到期,20
601318.SS,601318.SS,2025-10-13,2025-11-10,54.6813,59.3,8.446580458035923,到期,20
601319.SS,601319.SS,2025-04-10,2025-05-13,6.50896,7.32014,12.462513212556233,到期,20
601319.SS,601319.SS,2025-10-10,2025-11-07,7.9195,8.46465,6.883641644043189,到期,20
601328.SS,601328.SS,2025-04-10,2025-05-13,7.04801,7.50712,6.514037295633803,到期,20
601328.SS,601328.SS,2025-10-13,2025-11-10,6.55772,7.21349,9.999969501595073,到期,20
601360.SS,601360.SS,2025-04-28,2025-05-29,9.77451,10.0984,3.3136187900979226,到期,20
601360.SS,601360.SS,2025-05-28,2025-06-26,9.78432,10.0488,2.7031004709576214,到期,20
601360.SS,601360.SS,2025-10-28,2025-11-03,10.59,12.87,21.529745042492912,止盈,4
601390.SS,601390.SS,2025-05-09,2025-06-09,5.38362,5.32635,-1.063782362053784,到期,20
601390.SS,601390.SS,2026-01-05,2026-02-02,5.51,5.37,-2.5408348457350214,到期,20
601390.SS,601390.SS,2026-02-03,2026-03-11,5.58,5.93,6.27240143369175,到期,20
601398.SS,601398.SS,2025-09-19,2025-10-27,7.03297,7.76966,10.474806518441005,到期,20
601398.SS,601398.SS,2025-10-10,2025-11-07,7.1312,7.90718,10.881478573031195,到期,20
601567.SS,601567.SS,2025-04-17,2025-05-20,24.2027,23.0816,-4.632127820449778,到期,20
601567.SS,601567.SS,2025-06-23,2025-07-21,20.85,21.4574,2.913189448441239,到期,20
601567.SS,601567.SS,2025-07-18,2025-08-15,21.5848,23.7208,9.895852637040877,到期,20
601567.SS,601567.SS,2025-11-03,2025-11-05,22.91,26.42,15.320820602357054,止盈,2
601567.SS,601567.SS,2025-12-10,2026-01-09,22.76,24.45,7.42530755711774,到期,20
601567.SS,601567.SS,2025-12-31,2026-01-30,23.52,23.63,0.46768707482992955,到期,20
601600.SS,601600.SS,2025-05-09,2025-06-09,6.26453,6.60341,5.409503985135366,到期,20
601600.SS,601600.SS,2025-05-30,2025-06-30,6.41945,6.81643,6.18401888012213,到期,20
601601.SS,601601.SS,2025-04-30,2025-06-03,30.2491,33.513,10.79007309308376,到期,20
601601.SS,601601.SS,2025-10-10,2025-11-07,35.41,35.61,0.5648121999435268,到期,20
601601.SS,601601.SS,2025-11-11,2025-12-09,35.69,37.5,5.071448585037833,到期,20
601601.SS,601601.SS,2025-12-03,2025-12-17,35.2,40.79,15.880681818181808,止盈,10
601607.SS,601607.SS,2025-05-29,2025-06-27,17.8729,17.3642,-2.8462085056146513,到期,20
601607.SS,601607.SS,2025-07-08,2025-08-05,18.0098,19.1008,6.057812968494937,到期,20
601607.SS,601607.SS,2025-11-06,2025-12-04,17.8791,17.7698,-0.6113283107091579,到期,20
601615.SS,601615.SS,2025-05-30,2025-06-30,9.95639,11.1827,12.316813624215198,到期,20
601618.SS,601618.SS,2025-04-30,2025-06-03,2.90601,2.87655,-1.0137611364035313,到期,20
601618.SS,601618.SS,2025-06-23,2025-07-21,2.88637,3.14,8.78716172909226,到期,20
601618.SS,601618.SS,2025-12-31,2026-01-30,2.97,3.13,5.387205387205377,到期,20
601628.SS,601628.SS,2025-05-06,2025-06-04,36.7062,38.3287,4.420234183870831,到期,20
601628.SS,601628.SS,2025-10-13,2025-10-27,39.1312,45.06,15.151081489961982,止盈,10
601633.SS,601633.SS,2025-04-29,2025-05-30,22.3378,22.0733,-1.1840915399009828,到期,20
601633.SS,601633.SS,2025-07-11,2025-08-08,21.2405,22.35,5.223511687577979,到期,20
601633.SS,601633.SS,2025-12-10,2026-01-09,21.89,22.13,1.0963910461397826,到期,20
601658.SS,601658.SS,2025-10-31,2025-11-28,5.63906,5.5511,-1.5598344404918518,到期,20
601668.SS,601668.SS,2025-08-22,2025-09-19,5.6,5.55,-0.8928571428571397,到期,20
601668.SS,601668.SS,2025-09-29,2025-11-04,5.46,5.44,-0.3663003663003585,到期,20
601669.SS,601669.SS,2025-06-04,2025-07-02,4.63083,4.78681,3.368294668558346,到期,20
601669.SS,601669.SS,2025-10-20,2025-11-17,5.66,5.66,0.0,到期,20
601669.SS,601669.SS,2025-12-31,2026-01-20,5.24,6.25,19.274809160305338,止盈,12
601689.SS,601689.SS,2025-06-17,2025-07-15,45.1,46.71,3.569844789356983,到期,20
601689.SS,601689.SS,2025-07-10,2025-08-07,44.4,47.8,7.657657657657654,到期,20
601727.SS,601727.SS,2025-04-28,2025-05-29,7.18,7.63,6.267409470752091,到期,20
601727.SS,601727.SS,2025-05-22,2025-06-20,7.39,7.23,-2.165087956698231,到期,20
601727.SS,601727.SS,2025-12-30,2026-01-29,8.64,8.76,1.3888888888888797,到期,20
601727.SS,601727.SS,2026-02-05,2026-03-13,8.68,9.03,4.032258064516125,到期,20
601728.SS,601728.SS,2025-05-13,2025-06-11,7.58185,7.5745,-0.096942039212074,到期,20
601728.SS,601728.SS,2025-08-15,2025-09-12,7.15478,7.23,1.0513251280961922,到期,20
601766.SS,601766.SS,2025-05-06,2025-06-04,6.81154,6.84986,0.5625746894241198,到期,20
601766.SS,601766.SS,2025-12-31,2026-01-26,6.94,6.54,-5.763688760806921,止损,16
601799.SS,601799.SS,2025-04-17,2025-05-20,121.543,138.267,13.759739351505218,到期,20
601799.SS,601799.SS,2025-08-04,2025-09-01,119.088,120.646,1.3082762327018735,到期,20
601799.SS,601799.SS,2025-09-04,2025-09-30,116.812,134.663,15.281820360921836,止盈,18
601799.SS,601799.SS,2025-09-24,2025-10-30,122.043,128.842,5.570987274976858,到期,20
601799.SS,601799.SS,2025-12-30,2026-01-29,123.29,142.1,15.256711817665655,止盈,20
601799.SS,601799.SS,2026-01-21,2026-01-29,121.55,142.1,16.906622788975728,止盈,6
601800.SS,601800.SS,2025-06-20,2025-07-18,8.38361,8.86423,5.732852553971381,到期,20
601800.SS,601800.SS,2025-10-20,2025-11-17,8.62758,8.60786,-0.22856930912259887,到期,20
601800.SS,601800.SS,2026-01-09,2026-02-02,8.43,7.99,-5.219454329774608,止损,16
601800.SS,601800.SS,2026-02-02,2026-03-10,8.07,8.15,0.9913258983890962,到期,20
601816.SS,601816.SS,2025-12-16,2026-01-15,5.12,5.06,-1.1718750000000098,到期,20
601857.SS,601857.SS,2025-04-11,2025-05-14,7.27562,7.89139,8.463471154348364,到期,20
601857.SS,601857.SS,2025-09-01,2025-09-22,8.53694,8.1,-5.118227374211368,止损,15
601857.SS,601857.SS,2025-10-16,2025-11-07,8.4,9.71,15.5952380952381,止盈,16
601866.SS,601866.SS,2025-04-30,2025-05-15,2.25332,2.82403,25.327516730868233,止盈,8
601866.SS,601866.SS,2025-09-29,2025-11-04,2.54,2.65,4.330708661417318,到期,20
601866.SS,601866.SS,2026-01-16,2026-02-13,2.55,2.61,2.3529411764705905,到期,20
601868.SS,601868.SS,2025-10-17,2025-11-14,2.46,2.43,-1.2195121951219432,到期,20
601868.SS,601868.SS,2026-01-15,2026-02-12,2.39,2.41,0.836820083682009,到期,20
601868.SS,601868.SS,2026-02-13,2026-03-06,2.41,2.89,19.91701244813278,止盈,9
601872.SS,601872.SS,2025-04-24,2025-05-27,5.81141,5.85984,0.8333605785859155,到期,20
601872.SS,601872.SS,2025-12-11,2026-01-08,8.26,9.6,16.222760290556902,止盈,18
601877.SS,601877.SS,2025-12-10,2026-01-09,27.95,29.57,5.796064400715567,到期,20
601877.SS,601877.SS,2025-12-31,2026-01-19,27.99,32.39,15.719899964272962,止盈,11
601880.SS,601880.SS,2025-04-30,2025-06-03,1.44762,1.45747,0.6804271839294938,到期,20
601880.SS,601880.SS,2025-12-31,2026-01-30,1.61,1.68,4.347826086956511,到期,20
601880.SS,601880.SS,2026-01-21,2026-02-26,1.66,1.69,1.8072289156626522,到期,20
601888.SS,601888.SS,2025-07-16,2025-08-13,61.5257,65.4234,6.3350762364345305,到期,20
601899.SS,601899.SS,2025-04-08,2025-05-09,16.1871,17.263,6.646650728048882,到期,20
601919.SS,601919.SS,2025-04-09,2025-05-12,12.7027,13.7485,8.232895368701142,到期,20
601919.SS,601919.SS,2025-08-19,2025-09-16,14.9714,14.3456,-4.179969809102689,到期,20
601919.SS,601919.SS,2025-10-10,2025-11-07,14.0471,15.44,9.915925707085442,到期,20
601919.SS,601919.SS,2026-02-03,2026-03-03,14.24,16.97,19.171348314606732,止盈,14
601966.SS,601966.SS,2025-04-30,2025-06-03,14.4876,14.2124,-1.8995554819293732,到期,20
601966.SS,601966.SS,2025-06-09,2025-07-07,14.5073,14.6743,1.151144596168824,到期,20
601966.SS,601966.SS,2026-01-15,2026-02-12,14.97,15.17,1.3360053440213713,到期,20
601985.SS,601985.SS,2025-05-16,2025-06-16,9.33684,9.22895,-1.1555301365344286,到期,20
601985.SS,601985.SS,2025-09-25,2025-10-31,8.6213,8.96056,3.935137392272621,到期,20
601985.SS,601985.SS,2026-01-05,2026-02-02,8.75102,8.55,-2.297103651917145,到期,20
601988.SS,601988.SS,2025-08-15,2025-09-12,5.34631,5.37574,0.5504731300654191,到期,20
603019.SS,603019.SS,2025-04-29,2025-05-30,63.6418,61.8498,-2.8157594536923867,到期,20
603019.SS,603019.SS,2025-12-31,2026-01-30,85.7503,89.6971,4.602666113121482,到期,20
603019.SS,603019.SS,2026-02-05,2026-03-03,90.0,83.28,-7.466666666666666,止损,12
603077.SS,603077.SS,2025-04-30,2025-06-03,1.73,1.76,1.7341040462427761,到期,20
603077.SS,603077.SS,2025-05-23,2025-06-23,1.74,1.73,-0.5747126436781614,到期,20
603087.SS,603087.SS,2025-12-10,2026-01-09,64.88,71.0,9.43279901356351,到期,20
603259.SS,603259.SS,2025-11-21,2025-12-03,93.0,87.62,-5.784946236559135,止损,8
603259.SS,603259.SS,2025-12-17,2026-01-16,91.0,104.3,14.615384615384613,到期,20
603260.SS,603260.SS,2025-06-30,2025-07-24,46.1141,54.7202,18.662621627658346,止盈,18
603260.SS,603260.SS,2025-10-13,2025-10-28,49.75,47.05,-5.4271356783919655,止损,11
603260.SS,603260.SS,2025-11-06,2025-11-10,50.04,58.51,16.92645883293365,止盈,2
603260.SS,603260.SS,2026-02-24,2026-03-09,50.5,47.82,-5.306930693069306,止损,9
603288.SS,603288.SS,2025-12-31,2026-01-28,36.8961,34.6936,-5.969465607476112,止损,18
603288.SS,603288.SS,2026-01-27,2026-03-04,34.5746,35.5,2.6765313264651027,到期,20
603392.SS,603392.SS,2025-05-08,2025-06-05,64.73,78.36,21.056697049281624,止盈,19
603392.SS,603392.SS,2025-07-22,2025-08-07,59.93,56.5,-5.723343901218088,止损,12
603392.SS,603392.SS,2025-09-04,2025-10-10,57.73,57.56,-0.29447427680581084,到期,20
603392.SS,603392.SS,2025-09-29,2025-11-04,56.37,55.6,-1.3659748092957176,到期,20
603392.SS,603392.SS,2025-10-24,2025-11-21,54.7,51.68,-5.521023765996349,止损,20
603392.SS,603392.SS,2025-12-31,2026-01-30,44.92,42.05,-6.38913624220838,止损,20
603392.SS,603392.SS,2026-01-22,2026-01-30,44.3,42.05,-5.07900677200903,止损,6
603486.SS,603486.SS,2025-12-11,2026-01-12,77.25,85.86,11.145631067961165,到期,20
603501.SS,603501.SS,2025-05-30,2025-06-30,124.004,126.979,2.3991161575433004,到期,20
603501.SS,603501.SS,2025-06-23,2025-07-21,126.223,124.442,-1.41099482661639,到期,20
603501.SS,603501.SS,2026-02-24,2026-03-13,118.1,111.73,-5.393734123624039,止损,13
603568.SS,603568.SS,2025-04-09,2025-05-12,18.6839,19.0741,2.0884290753001253,到期,20
603568.SS,603568.SS,2025-09-04,2025-10-10,19.23,21.22,10.348413936557455,到期,20
603568.SS,603568.SS,2025-09-25,2025-10-20,19.32,22.39,15.890269151138718,止盈,11
603596.SS,603596.SS,2025-07-22,2025-07-31,50.14,47.14,-5.983246908655763,止损,7
603596.SS,603596.SS,2025-09-02,2025-09-17,46.29,54.53,17.80082091164399,止盈,11
603596.SS,603596.SS,2025-10-14,2025-11-11,46.76,47.24,1.0265183917878613,到期,20
603596.SS,603596.SS,2025-12-09,2025-12-22,44.52,51.54,15.76819407008085,止盈,9
603605.SS,603605.SS,2025-04-23,2025-04-24,81.4786,75.1457,-7.772470317359399,止损,1
603605.SS,603605.SS,2025-07-22,2025-08-19,81.8137,83.071,1.5367841816223944,到期,20
603605.SS,603605.SS,2025-08-14,2025-09-11,82.2196,81.4672,-0.9151102656787365,到期,20
603605.SS,603605.SS,2025-09-04,2025-10-10,82.0711,79.5565,-3.063928715467444,到期,20
603605.SS,603605.SS,2025-12-30,2026-01-29,68.48,73.49,7.316004672897182,到期,20
603606.SS,603606.SS,2026-01-08,2026-01-30,59.39,55.42,-6.684627041589492,止损,16
603606.SS,603606.SS,2026-02-24,2026-03-13,57.76,67.2,16.34349030470915,止盈,13
603650.SS,603650.SS,2025-04-25,2025-05-28,30.9056,32.9344,6.564506108925233,到期,20
603659.SS,603659.SS,2025-12-16,2026-01-15,25.6,28.18,10.078124999999993,到期,20
603806.SS,603806.SS,2025-04-24,2025-05-27,11.7443,12.0186,2.335601100108124,到期,20
603806.SS,603806.SS,2025-06-05,2025-07-03,11.9696,13.71,14.540168426680932,到期,20
603806.SS,603806.SS,2025-12-11,2026-01-12,13.57,14.29,5.305821665438459,到期,20
603816.SS,603816.SS,2025-12-12,2026-01-13,29.8,31.23,4.798657718120804,到期,20
603833.SS,603833.SS,2025-07-07,2025-08-04,52.5857,52.7721,0.3544689906191208,到期,20
603833.SS,603833.SS,2025-08-01,2025-08-29,50.3397,54.0617,7.393766748709271,到期,20
603833.SS,603833.SS,2025-08-21,2025-09-18,53.0261,53.6318,1.142267675729497,到期,20
603833.SS,603833.SS,2025-11-19,2025-12-17,51.2873,51.004,-0.552378464064211,到期,20
603833.SS,603833.SS,2025-12-15,2026-01-14,50.496,54.02,6.978770595690749,到期,20
603833.SS,603833.SS,2026-01-07,2026-01-29,51.297,62.34,21.52757471197147,止盈,16
603885.SS,603885.SS,2025-04-29,2025-05-30,12.4498,13.8199,11.00499606419381,到期,20
603885.SS,603885.SS,2025-09-03,2025-10-09,12.22,13.7,12.11129296235678,到期,20
603899.SS,603899.SS,2025-06-27,2025-07-25,29.09,31.41,7.975249226538331,到期,20
603899.SS,603899.SS,2025-10-29,2025-11-26,27.7,27.9,0.7220216606498169,到期,20
603899.SS,603899.SS,2025-11-28,2025-12-26,27.91,27.54,-1.3256897169473343,到期,20
603899.SS,603899.SS,2026-01-16,2026-02-13,27.64,26.75,-3.2199710564399444,到期,20
603939.SS,603939.SS,2025-07-15,2025-08-12,23.0394,23.5929,2.402406312664391,到期,20
603939.SS,603939.SS,2025-08-15,2025-09-12,23.1382,25.4609,10.038378093369396,到期,20
603939.SS,603939.SS,2025-11-28,2025-12-16,22.6,21.12,-6.548672566371683,止损,12
603939.SS,603939.SS,2026-01-12,2026-02-09,22.43,25.42,13.330361123495326,到期,20
603979.SS,603979.SS,2025-11-28,2025-12-19,64.69,74.56,15.257381357242238,止盈,15
603986.SS,603986.SS,2025-04-28,2025-05-29,115.873,113.43,-2.1083427545674986,到期,20
603986.SS,603986.SS,2025-07-24,2025-08-21,117.9,137.16,16.33587786259541,止盈,20
603993.SS,603993.SS,2025-04-11,2025-05-14,6.49037,7.20721,11.044670796888305,到期,20
605117.SS,605117.SS,2025-06-03,2025-06-16,56.1748,53.2467,-5.2124796171949,止损,9
605117.SS,605117.SS,2025-07-07,2025-08-04,50.969,50.8309,-0.270949008220686,到期,20
605499.SS,605499.SS,2025-08-15,2025-09-12,282.964,294.82,4.189932288206272,到期,20
605499.SS,605499.SS,2025-09-15,2025-10-21,292.09,301.0,3.0504296620904605,到期,20
605499.SS,605499.SS,2025-10-15,2025-11-03,288.11,271.12,-5.897053208843847,止损,13
605499.SS,605499.SS,2025-12-11,2026-01-12,261.58,274.3,4.862757091520769,到期,20
605499.SS,605499.SS,2026-01-21,2026-02-26,250.88,253.76,1.1479591836734675,到期,20
605589.SS,605589.SS,2025-04-28,2025-05-29,24.2841,26.55,9.330796694133207,到期,20
605589.SS,605589.SS,2025-12-16,2026-01-07,25.88,29.88,15.455950540958268,止盈,14
688005.SS,688005.SS,2025-05-09,2025-05-22,19.8949,18.6012,-6.50267153893712,止损,9
688005.SS,688005.SS,2025-06-05,2025-06-24,18.43,22.81,23.765599565925115,止盈,13
688008.SS,688008.SS,2025-12-16,2026-01-06,114.1,133.52,17.02015775635409,止盈,13
688009.SS,688009.SS,2025-10-17,2025-11-14,5.32,5.45,2.4436090225563887,到期,20
688009.SS,688009.SS,2025-11-06,2025-12-04,5.4,5.25,-2.7777777777777843,到期,20
688009.SS,688009.SS,2025-12-10,2026-01-09,5.35,5.56,3.925233644859813,到期,20
688009.SS,688009.SS,2026-01-19,2026-02-24,5.41,5.69,5.175600739371538,到期,20
688012.SS,688012.SS,2025-05-12,2025-05-27,182.749,172.845,-5.419455099617506,止损,11
688012.SS,688012.SS,2025-05-28,2025-06-26,171.218,178.686,4.3616909437092,到期,20
688012.SS,688012.SS,2025-07-17,2025-08-14,180.99,192.04,6.10530968561798,到期,20
688017.SS,688017.SS,2025-05-30,2025-06-30,118.402,124.89,5.479637168291076,到期,20
688017.SS,688017.SS,2025-07-11,2025-08-08,123.49,134.2,8.67276702567009,到期,20
688036.SS,688036.SS,2025-04-23,2025-04-29,79.6467,73.6927,-7.475513737543419,止损,4
688036.SS,688036.SS,2025-05-06,2025-05-27,75.0816,70.2057,-6.494134381792612,止损,15
688036.SS,688036.SS,2025-05-27,2025-06-25,70.9147,78.27,10.37203851951711,到期,20
688041.SS,688041.SS,2025-07-23,2025-08-20,136.814,155.738,13.831917786191477,到期,20
688041.SS,688041.SS,2025-12-15,2026-01-08,198.933,241.599,21.44742199635053,止盈,16
688047.SS,688047.SS,2025-05-23,2025-06-23,123.1,120.6,-2.030869212022746,到期,20
688047.SS,688047.SS,2025-06-23,2025-07-21,123.51,130.81,5.910452594931582,到期,20
688047.SS,688047.SS,2025-12-31,2026-01-12,133.01,162.5,22.171265318397122,止盈,6
688063.SS,688063.SS,2025-12-19,2026-01-20,56.01,60.43,7.891447955722196,到期,20
688065.SS,688065.SS,2025-06-06,2025-07-04,47.1447,45.7166,-3.0291846167225596,到期,20
688065.SS,688065.SS,2025-11-05,2025-12-03,48.01,45.55,-5.1239325140595735,止损,20
688072.SS,688072.SS,2025-05-27,2025-06-25,145.13,151.0,4.044649624474612,到期,20
688099.SS,688099.SS,2025-04-28,2025-05-29,68.75,67.7,-1.5272727272727231,到期,20
688099.SS,688099.SS,2025-05-28,2025-06-26,66.3,70.61,6.500754147812975,到期,20
688099.SS,688099.SS,2025-06-17,2025-07-15,66.0,72.79,10.287878787878798,到期,20
688099.SS,688099.SS,2025-12-18,2026-01-19,85.25,90.63,6.310850439882692,到期,20
688111.SS,688111.SS,2025-04-28,2025-05-29,280.317,285.34,1.7918998847732985,到期,20
688111.SS,688111.SS,2025-05-23,2025-06-20,278.314,260.344,-6.456735916985861,止损,19
688111.SS,688111.SS,2025-07-07,2025-07-25,261.65,305.53,16.770494935983184,止盈,14
688111.SS,688111.SS,2025-12-11,2026-01-09,295.05,341.5,15.74309439078122,止盈,19
688111.SS,688111.SS,2026-02-06,2026-03-02,309.0,293.19,-5.116504854368933,止损,10
688114.SS,688114.SS,2025-10-20,2025-11-17,66.53,62.85,-5.531339245453179,止损,20
688114.SS,688114.SS,2025-12-10,2026-01-09,59.77,75.0,25.48101054040488,止盈,20
688114.SS,688114.SS,2025-12-30,2026-01-09,60.75,75.0,23.456790123456788,止盈,6
688120.SS,688120.SS,2025-05-28,2025-06-26,99.0707,109.98,11.011631087697978,到期,20
688120.SS,688120.SS,2025-06-17,2025-07-15,102.268,112.91,10.405992099190359,到期,20
688126.SS,688126.SS,2025-04-29,2025-05-30,17.5,18.52,5.828571428571426,到期,20
688126.SS,688126.SS,2025-12-18,2026-01-07,20.5,23.74,15.80487804878048,止盈,12
688126.SS,688126.SS,2026-02-13,2026-03-03,20.89,19.73,-5.552896122546674,止损,6
688166.SS,688166.SS,2025-11-07,2025-11-21,53.01,48.87,-7.8098471986417675,止损,10
688166.SS,688166.SS,2025-12-10,2026-01-09,50.77,54.6,7.543825093559185,到期,20
688166.SS,688166.SS,2025-12-30,2026-01-29,49.05,48.04,-2.0591233435270095,到期,20
688166.SS,688166.SS,2026-02-26,2026-03-03,43.97,41.6,-5.390038662724579,止损,3
688169.SS,688169.SS,2025-04-29,2025-05-12,128.598,154.651,20.259257531221323,止盈,6
688169.SS,688169.SS,2025-12-01,2025-12-29,154.0,151.9,-1.36363636363636,到期,20
688169.SS,688169.SS,2025-12-30,2026-01-28,152.57,144.49,-5.295929737169813,止损,19
688169.SS,688169.SS,2026-02-13,2026-03-02,150.4,138.72,-7.765957446808515,止损,5
688180.SS,688180.SS,2025-10-30,2025-11-21,38.38,35.75,-6.852527357998964,止损,16
688180.SS,688180.SS,2026-01-21,2026-01-27,35.45,40.98,15.599435825105765,止盈,4
688188.SS,688188.SS,2025-07-18,2025-08-15,131.078,135.657,3.493339843451996,到期,20
688188.SS,688188.SS,2025-08-12,2025-08-28,132.392,152.587,15.253942836425157,止盈,12
688188.SS,688188.SS,2025-12-11,2026-01-12,132.6,156.63,18.12217194570136,止盈,20
688213.SS,688213.SS,2025-12-22,2026-01-21,91.02,103.1,13.271808393759613,到期,20
688213.SS,688213.SS,2026-02-04,2026-03-09,91.7,85.83,-6.4013086150490786,止损,17
688223.SS,688223.SS,2025-05-06,2025-05-26,5.58,5.24,-6.093189964157704,止损,14
688223.SS,688223.SS,2025-09-22,2025-10-15,5.07,5.87,15.77909270216962,止盈,11
688223.SS,688223.SS,2025-10-23,2025-11-06,5.39,6.27,16.3265306122449,止盈,10
688223.SS,688223.SS,2025-12-04,2026-01-05,5.43,5.7,4.972375690607744,到期,20
688235.SS,688235.SS,2025-07-11,2025-08-08,226.23,224.63,-0.7072448393228106,到期,20
688235.SS,688235.SS,2025-08-11,2025-08-29,230.0,278.0,20.869565217391305,止盈,14
688235.SS,688235.SS,2025-12-16,2026-01-07,266.34,307.93,15.615378839077884,止盈,14
688235.SS,688235.SS,2026-02-06,2026-02-27,276.93,257.7,-6.943993066840003,止损,9
688256.SS,688256.SS,2025-06-03,2025-06-17,608.0,573.3,-5.707236842105271,止损,10
688266.SS,688266.SS,2025-09-23,2025-10-14,104.42,93.6,-10.361999616931628,止损,9
688266.SS,688266.SS,2025-10-20,2025-10-29,102.95,87.0,-15.492957746478876,止损,7
688271.SS,688271.SS,2025-07-04,2025-08-01,129.46,133.193,2.8835161439827,到期,20
688271.SS,688271.SS,2025-08-05,2025-09-01,129.186,151.966,17.633489697025993,止盈,19
688271.SS,688271.SS,2026-01-28,2026-03-05,127.8,120.54,-5.680751173708913,止损,20
688303.SS,688303.SS,2025-04-24,2025-05-13,17.88,22.25,24.44071588366891,止盈,10
688303.SS,688303.SS,2025-06-20,2025-06-30,18.22,21.32,17.014270032930852,止盈,6
688303.SS,688303.SS,2025-12-05,2026-01-06,27.51,28.27,2.7626317702653505,到期,20
688303.SS,688303.SS,2025-12-31,2026-01-15,27.13,25.3,-6.745300405455209,止损,9
688303.SS,688303.SS,2026-02-24,2026-03-18,24.1,22.56,-6.390041493775945,止损,16
688390.SS,688390.SS,2025-05-28,2025-06-26,38.38,41.55,8.259510161542455,到期,20
688390.SS,688390.SS,2025-12-04,2025-12-25,53.36,61.69,15.610944527736129,止盈,15
688396.SS,688396.SS,2025-08-14,2025-09-11,47.1973,49.876,5.675536524335077,到期,20
688472.SS,688472.SS,2025-04-30,2025-06-03,8.82914,8.67077,-1.7937194336028361,到期,20
688472.SS,688472.SS,2025-06-03,2025-07-01,8.71036,8.92812,2.500011480581746,到期,20
688521.SS,688521.SS,2025-06-03,2025-07-01,84.7,96.39,13.80165289256198,到期,20
688521.SS,688521.SS,2025-07-14,2025-07-29,86.29,99.5,15.308842276045883,止盈,11
688521.SS,688521.SS,2025-12-05,2025-12-16,138.34,128.88,-6.838224663871626,止损,7
688578.SS,688578.SS,2025-12-05,2026-01-06,98.03,108.0,10.170356013465264,到期,20
688578.SS,688578.SS,2026-01-22,2026-02-26,97.85,92.73,-5.232498722534483,止损,19
688599.SS,688599.SS,2025-04-29,2025-05-30,13.12,13.4,2.1341463414634236,到期,20
688599.SS,688599.SS,2025-05-28,2025-06-26,13.22,13.99,5.824508320726169,到期,20
688599.SS,688599.SS,2025-12-31,2026-01-12,16.7,19.9,19.16167664670658,止盈,6
688608.SS,688608.SS,2025-07-18,2025-08-08,233.73,219.97,-5.8871347281050745,止损,15
688608.SS,688608.SS,2025-08-08,2025-08-18,219.98,255.5,16.146922447495232,止盈,6
688608.SS,688608.SS,2025-12-16,2026-01-12,213.61,255.5,19.610505126164497,止盈,17
688617.SS,688617.SS,2025-12-11,2026-01-12,232.55,260.67,12.09202322081273,到期,20
688617.SS,688617.SS,2025-12-31,2026-01-30,241.11,232.0,-3.7783584256148703,到期,20
688617.SS,688617.SS,2026-02-02,2026-03-10,227.9,231.5,1.5796401930671322,到期,20
688777.SS,688777.SS,2025-04-30,2025-05-23,46.7872,44.1589,-5.6175620682579765,止损,14
688777.SS,688777.SS,2025-06-03,2025-07-01,44.87,44.69,-0.4011589034989965,到期,20
688777.SS,688777.SS,2025-07-07,2025-08-04,45.22,48.18,6.545776205218931,到期,20
688777.SS,688777.SS,2025-11-20,2025-12-16,50.04,47.52,-5.035971223021575,止损,18
688777.SS,688777.SS,2025-12-18,2026-01-12,47.85,57.57,20.31347962382445,止盈,15
688981.SS,688981.SS,2025-04-29,2025-05-15,89.4,84.42,-5.570469798657722,止损,9
688981.SS,688981.SS,2025-06-19,2025-07-17,81.03,88.79,9.576699987658897,到期,20
688981.SS,688981.SS,2025-12-16,2026-01-05,110.82,129.95,17.262227034831255,止盈,12
688981.SS,688981.SS,2026-02-05,2026-03-03,114.8,108.31,-5.653310104529612,止损,12
302132.SZ,302132.SZ,2025-09-23,2025-10-29,82.6,88.68,7.360774818401953,到期,20
302132.SZ,302132.SZ,2025-12-31,2026-01-30,79.85,77.58,-2.8428303068252925,到期,20
302132.SZ,302132.SZ,2026-02-02,2026-03-10,76.57,74.88,-2.207130730050931,到期,20
